,ID,Chains,Beta,CDR3_seq,MHC_class,TCR_name,MHC_name,Species_x,Epitope,TRAV_gene,TRBV_gene,Docking_Angle,Incident_Angle,BSA,Sc,Atlas_count,Chain,Species_y,CDR1,CDR2,CDR3,Description
0,1ao7,E,VTQTPKFQVLKTGQSMTLQCAQDMNHEYMSWYRQDPGMGLRLIHYSVGAGITDQGEVPNGYNVSRSTTEDFPLRLLSAAPSQTSVYFCASRPGLAGGRPEQYFGPGTRLTVT,,CLASSI,A6,HLA-A*02:01,Human,LLFGYPVYV,TRAV12-2,TRBV6-5,33.5,11.0,1964.0,0.64,199,E,Human,AQDMNHEYMS,HYSVGAGITD,CASRPGLAGGRPEQYF,T CELL RECEPTOR BETA
1,1bd2,E,VTQTPKFQVLKTGQSMTLQCAQDMNHEYMSWYRQDPGMGLRLIHYSVGAGITDQGEVPNGYNVSRSTTEDFPLRLLSAAPSQTSVYFCASSYPGGGFYEQYFGPGTRLTVT,CASSYPGGGFYEQYFGPGTR,CLASSI,B7,HLA-A*02:01,Human,LLFGYPVYV,TRAV29/DV5,TRBV6-5,48.5,11.8,1871.4,0.64,22,E,Human,AQDMNHEYMS,HYSVGAGITD,CASSYPGGGFYEQYF,T CELL RECEPTOR BETA
2,1fo0,B,TLLEQNPRWRLVPRGQAVNLRCILKNSQYPWMSWYQQDLQKQLQWLFTLRSPGDKEVKSLPGADYLATRVTDTELRLQVANMSQGRTLYCTCSADRVGNTLYFGEGSRLIV,,CLASSI,BM3.3,H2-Kb,Mouse,INFDFNTI,TRAV16,TRBV1,41.3,12.4,1375.0,0.6,2,B,Mouse,ILKNSQYPWMS,FTLRSPGDKEV,CTCSADRVGNTLYF,PROTEIN (BM3.3 T CELL RECEPTOR BETA-CHAIN)
3,1g6r,B,VTQSPRNKVAVTGGKVTLSCNQTNNHNNMYWYRQDTGHGLRLIHYSYGAGSTEKGDIPDGYKASRPSQENFSLILELATPSQTSVYFCASGGGGTLYFGAGTRLSVL,,CLASSI,2C,H2-Kb,Mouse,SIYRYYGL,TRAV9-4,TRBV13-2,22.5,8.5,1847.1,0.49,4,"B,D",Mouse,NQTNNHNNMY,HYSYGAGSTE,CASGGGGTLYF,BETA T CELL RECEPTOR
4,1kj2,E,LEQNPRWRLVPRGQAVNLRCILKNSQYPWMSWYQQDLQKQLQWLFTLRSPGDKEVKSLPGADYLATRVTDTELRLQVANMSQGRTLYCTCSAAPDWGASAETLYFGSGTRLTVL,,CLASSI,KB5-C20,H2-Kb,Mouse,KVITFIDL,TRAV14-1,TRBV1,30.6,6.1,1821.1,0.56,0,"B,E",Mouse,ILKNSQYPWMS,FTLRSPGDKEV,CTCSAAPDWGASAETLYF,KB5-C20 T-Cell receptor beta-chain
5,1lp9,F,VTQSPRSKVAVTGGKVTLSCHQTNNHDYMYWYRQDTGHGLRLIHYSYVADSTEKGDIPDGYKASRPSQENFSLILELASLSQTAVYFCASSDWVSYEQYFGPGTRLTVL,CASSDWVSYEQYFGPGTRLT,CLASSI,AHIII,HLA-A*02:01,Mouse,ALWGFFPVL,TRAV12D-2,TRBV13-3,67.3,2.1,1979.8,0.71,1,"F,M",Mouse,HQTNNHDYMY,HYSYVADSTE,CASSDWVSYEQYF,T-cell Receptor beta chain
6,1mi5,E,VSQSPRYKVAKRGQDVALRCDPISGHVSLFWYQQALGQGPEFLTYFQNEAQLDKSGLPSDRFFAERPEGSVSTLKIQRTQQEDSAVYLCASSLGQAYEQYFGPGTRLTVT,CASSLGQAYEQYFGPGTRLT,CLASSI,LC13,HLA-B*08:01,Human,FLRGRAYGL,TRAV26-2,TRBV7-8,42.3,12.0,2235.4,0.61,49,E,Human,DPISGHVSLF,TYFQNEAQLDK,CASSLGQAYEQYF,TcR beta chain
7,1mwa,B,VTQSPRNKVAVTGGKVTLSCNQTNNHNNMYWYRQDTGHGLRLIHYSYGAGSTEKGDIPDGYKASRPSQENFSLILELATPSQTSVYFCASGGGGTLYFGAGTRLSVL,,CLASSI,2C,H2-Kbm3,Mouse,EQYKFYSV,TRAV9-4,TRBV13-2,22.5,8.7,2020.2,0.62,1,"B,D",Mouse,NQTNNHNNMY,HYSYGAGSTE,CASGGGGTLYF,2C T CELL RECEPTOR BETA CHAIN
8,1nam,B,LEQNPRWRLVPRGQAVNLRCILKNSQYPWMSWYQQDLQKQLQWLFTLRSPGDKEVKSLPGADYLATRVTDTELRLQVANMSQGRTLYCTCSADRVGNTLYFGEGSRLIVV,,CLASSI,BM3.3,H2-Kb,Mouse,RGYVYQGL,TRAV16,TRBV1,40.0,11.6,1612.9,0.6,1,B,Mouse,ILKNSQYPWMS,FTLRSPGDKEV,CTCSADRVGNTLYF,BM3.3 T Cell Receptor beta-Chain
9,1oga,E,ITQSPKYLFRKEGQNVTLSCEQNLNHDAMYWYRQDPGQGLRLIYYSQIVNDFQKGDIAEGYSVSREKKESFPLTVTSAQKNPTAFYLCASSSRSSYEQYFGPGTRLTVT,CASSSRSSYEQYFGPGTRLT,CLASSI,JM22,HLA-A*02:01,Human,GILGFVFTL,TRAV27,TRBV19,61.9,7.5,1564.3,0.63,0,E,Human,EQNLNHDAMY,YYSQIVNDFQ,CASSSRSSYEQYF,T-CELL RECEPTOR BETA CHAIN C REGION
10,1qrn,E,VTQTPKFQVLKTGQSMTLQCAQDMNHEYMSWYRQDPGMGLRLIHYSVGAGITDQGEVPNGYNVSRSTTEDFPLRLLSAAPSQTSVYFCASRPGLAGGRPEQYFGPGTRLTVT,,CLASSI,A6,HLA-A*02:01,Human,LLFGYAVYV,TRAV12-2,TRBV6-5,32.4,11.1,1974.0,0.61,1,E,Human,AQDMNHEYMS,HYSVGAGITD,CASRPGLAGGRPEQYF,"T-CELL RECEPTOR, BETA CHAIN"
11,1qse,E,VTQTPKFQVLKTGQSMTLQCAQDMNHEYMSWYRQDPGMGLRLIHYSVGAGITDQGEVPNGYNVSRSTTEDFPLRLLSAAPSQTSVYFCASRPGLAGGRPEQYFGPGTRLTVT,,CLASSI,A6,HLA-A*02:01,Human,LLFGYPRYV,TRAV12-2,TRBV6-5,35.8,12.5,1984.0,0.66,1,E,Human,AQDMNHEYMS,HYSVGAGITD,CASRPGLAGGRPEQYF,PROTEIN (human T-Cell receptor)
12,1qsf,E,VTQTPKFQVLKTGQSMTLQCAQDMNHEYMSWYRQDPGMGLRLIHYSVGAGITDQGEVPNGYNVSRSTTEDFPLRLLSAAPSQTSVYFCASRPGLAGGRPEQYFGPGTRLTVT,,CLASSI,A6,HLA-A*02:01,Human,LLFGYPVAV,TRAV12-2,TRBV6-5,34.1,13.1,1817.2,0.61,1,E,Human,AQDMNHEYMS,HYSVGAGITD,CASRPGLAGGRPEQYF,HUMAN T-CELL RECEPTOR
13,2ak4,U,VTQTPKFQVLKTGQSMTLQCAQDMNHNSMYWYRQDPGMGLRLIYYSASEGTTDKGEVPNGYNVSRLNKREFSLRLESAAPSQTSVYFCASPGLAEQYFGPGTRLTVT,,CLASSI,SB27,HLA-B*35:05,Human,LPEPLPQGQLTAY,TRAV19,TRBV6-1,70.2,8.5,1848.9,0.72,54,"E,J,P,U",Human,AQDMNHNSMY,YYSASEGTTD,CASPGLAGEYEQYF,SB27 T cell receptor beta chain
14,2bnq,E,VTQTPKFQVLKTGQSMTLQCAQDMNHEYMSWYRQDPGMGLRLIHYSVGAGITDQGEVPNGYNVSRSTTEDFPLRLLSAAPSQTSVYFCASSYVGNTGELFFGEGSRLTVL,CASSYVGNTGELFFGEGSRL,CLASSI,1G4,HLA-A*02:01,Human,SLLMWITQV,TRAV21,TRBV6-5,69.3,15.2,2082.5,0.75,1,E,Human,AQDMNHEYMS,HYSVGAGITD,CASSYVGNTGELFF,T-CELL RECEPTOR BETA CHAIN C REGION
15,2bnr,E,VTQTPKFQVLKTGQSMTLQCAQDMNHEYMSWYRQDPGMGLRLIHYSVGAGITDQGEVPNGYNVSRSTTEDFPLRLLSAAPSQTSVYFCASSYVGNTGELFFGEGSRLTVL,CASSYVGNTGELFFGEGSRL,CLASSI,1G4,HLA-A*02:01,Human,SLLMWITQC,TRAV21,TRBV6-5,69.4,15.5,2077.7,0.72,41,E,Human,AQDMNHEYMS,HYSVGAGITD,CASSYVGNTGELFF,T-CELL RECEPTOR BETA CHAIN C REGION
16,2e7l,D,VTQSPRNKVAVTGEKVTLSCNQTNNHNNMYWYRQDTGHELRLIYYSYGAGSTEKGDIPDGYKASRPSQENFSLTLESATPSQTSVYFCASGGGGTLYFGAGTRLSVL,,CLASSI,2C*,H2-Ld,Mouse,QLSPFPFDL,TRAV9-4,TRBV13-2,44.6,6.5,1868.2,0.68,0,"C,D",Mouse,NQTNNHNNMY,YYSYGAGSTE,CASGGGGTLYF,Beta-chain
17,2esv,E,VTQFPSHSVIEKGQTVTLRCDPISGHDNLYWYRRVMGKEIKFLLHFVKESKQDESGMPNNRFLAERTGGTYSTLKVQPAELEDSGVYFCASSQDRDTQYFGPGTRLTVL,CASSQDRDTQYFGPGTRLTV,CLASSI,KK50.4,HLA-E,Human,VMAPRTLIL,TRAV26-1,TRBV14,38.9,6.3,1998.7,0.68,9,E,Human,DPISGHDNLY,LHFVKESKQDE,CASSQDRDTQYF,KK50.4 T cell receptor beta chain
18,2f53,E,VTQTPKFQVLKTGQSMTLQCAQDMNHEYMSWYRQDPGMGLRLIHYSVSVGMTDQGEVPNGYNVSRSTTEDFPLRLLSAAPSQTSVYFCASSYVGNTGELFFGEGSRLTVL,CASSYVGNTGELFFGEGSRL,CLASSI,1G4*,HLA-A*02:01,Human,SLLMWITQC,TRAV21,TRBV6-5,65.9,16.5,1938.6,0.77,1,E,Human,AQDMNHEYMS,HYSVSVGMTD,CASSYVGNTGELFF,"T-cell receptor, beta chain"
19,2f54,E,VTQTPKFQVLKTGQSMTLQCAQDMNHEYMSWYRQDPGMGLRLIHYSVGAGITDQGEVPNGYNVSRSTTEDFPLRLLSAAPSQTSVYFCASSYVGNTGELFFGEGSRLTVL,CASSYVGNTGELFFGEGSRL,CLASSI,1G4*,HLA-A*02:01,Human,SLLMWITQC,TRAV21,TRBV6-5,66.6,16.0,2079.0,0.72,9,"E,L",Human,AQDMNHEYMS,HYSVGAGITD,CASSYVGNTGELFF,T-cell receptor beta chain
20,2gj6,E,VTQTPKFQVLKTGQSMTLQCAQDMNHEYMSWYRQDPGMGLRLIHYSVGAGITDQGEVPNGYNVSRSTTEDFPLRLLSAAPSQTSVYFCASRPGLAGGRPEQYFGPGTRLTVT,,CLASSI,A6,HLA-A*02:01,Human,LLFGKPVYV,TRAV12-2,TRBV6-5,34.8,11.0,1911.8,0.72,0,E,Human,AQDMNHEYMS,HYSVGAGITD,CASRPGLAGGRPEQYF,A6-Tcr
21,2j8u,M,VTQSPRSKVAVTGGKVTLSCHQTNNHDYMYWYRQDTGHGLRLIHYSYVADSTEKGDIPDGYKASRPSQENFSLILELASLSQTAVYFCASSDWVSYEQYFGPGTRLTVL,CASSDWVSYEQYFGPGTRLT,CLASSI,AHIII,HLA-A*02:01*,Mouse,ALWGFFPVL,TRAV12D-2,TRBV13-3,68.1,2.1,2004.0,0.54,0,"F,M",Mouse,HQTNNHDYMY,HYSYVADSTE,CASSDWVSYEQYF,AHIII TCR BETA CHAIN
22,2jcc,F,VTQSPRSKVAVTGGKVTLSCHQTNNHDYMYWYRQDTGHGLRLIHYSYVADSTEKGDIPDGYKASRPSQENFSLILELASLSQTAVYFCASSDWVSYEQYFGPGTRLTVL,CASSDWVSYEQYFGPGTRLT,CLASSI,AHIII,HLA-A*02:01*,Mouse,ALWGFFPVL,TRAV12D-2,TRBV13-3,67.0,1.7,1947.0,0.67,0,"F,M",Mouse,HQTNNHDYMY,HYSYVADSTE,CASSDWVSYEQYF,TCR BETA
23,2nx5,J,ITQSPRHKVTETGTPVTLRCHQTENHRYMYWYRQDPGHGLRLIHYSYGVKDTDKGEVSDGYSVSRSKTEDFLLTLESATSSQTSVYFCATGTGDSNQPQHFGDGTRLSIL,,CLASSI,ELS4,HLA-B*35:01,Human,EPLPQGQLTAY,TRAV1-2,TRBV10-3,55.6,6.7,2108.2,0.68,0,"E,J,P,U",Human,HQTENHRYMY,HYSYGVKDTD,CATGTGDSNQPQHF,ELS4 TCR beta chain
24,2oi9,C,VTQSPRNKVAVTGEKVTLSCNQTNNHNNMYWYRQDTGHELRLIYYSYGAGSTEKGDIPDGYKASRPSQENFSLTLESATPSQTSVYFCASGGGGTLYFGAGTRLSVL,,CLASSI,2C,H2-Ld,Mouse,QLSPFPFDL,TRAV9-4,TRBV13-2,47.9,8.1,1715.1,0.72,1,C,Mouse,NQTNNHNNMY,YYSYGAGSTE,CASGGGGTLYF,T cell receptor beta chain
25,2ol3,B,LEQNPRWRLVPRGQAVNLRCILKNSQYPWMSWYQQDLQKQLQWLFTLRSPGDKEVKSLPGADYLATRVTDTELRLQVANMSQGRTLYCTCSADRVGNTLYFGEGSRLIVV,,CLASSI,BM3.3,H2-Kbm8,Mouse,SQYYYNSL,TRAV16,TRBV1,42.3,14.2,1536.5,0.61,2,B,Mouse,ILKNSQYPWMS,FTLRSPGDKEV,CTCSADRVGNTLYF,BM3.3 T-CELL RECEPTOR BETA-CHAIN
26,2p5e,E,VTQTPKFQVLKTGQSMTLQCAQDMNHEYMSWYRQDPGMGLRLIHYSVAIQTTDQGEVPNGYNVSRSTIEDFPLRLLSAAPSQTSVYFCASSYLGNTGELFFGEGSRLTVL,CASSYLGNTGELFFGEGSRL,CLASSI,1G4*,HLA-A*02:01,Human,SLLMWITQC,TRAV21,TRBV6-5,66.3,17.0,2073.7,0.76,1,E,Human,AQDMNHEYMS,HYSVAIQTTD,CASSYLGNTGELFF,Hypothetical protein
27,2p5w,E,VTQTPKFQVLKTGQSMTLQCAQDMNHEYMSWYRQDPGMGLRLIHYSVSVGMTDQGEVPNGYNVSRSTIEDFPLRLLSAAPSQTSVYFCASSYLGNTGELFFGEGSRLTVL,CASSYLGNTGELFFGEGSRL,CLASSI,1G4*,HLA-A*02:01,Human,SLLMWITQC,TRAV21,TRBV6-5,65.7,16.8,2073.8,0.78,1,E,Human,AQDMNHEYMS,HYSVSVGMTD,CASSYLGNTGELFF,Hypothetical protein
28,2pye,E,VTQTPKFQVLKTGQSMTLQCAQDMNHEYMSWYRQDPGMGLRLIHYSVGAGTTDQGEVPNGYNVSRSTIEDFPLRLLSAAPSQTSVYFCASSYLGNTGELFFGEGSRLTVL,CASSYLGNTGELFFGEGSRL,CLASSI,1G4*,HLA-A*02:01,Human,SLLMWITQC,TRAV21,TRBV6-5,65.4,16.5,1912.4,0.75,0,E,Human,AQDMNHEYMS,HYSVGAGTTD,CASSYLGNTGELFF,"T-Cell Receptor, Beta Chain"
29,2uwe,M,VTQSPRSKVAVTGGKVTLSCHQTNNHDYMYWYRQDTGHGLRLIHYSYVADSTEKGDIPDGYKASRPSQENFSLILELASLSQTAVYFCASSDWVSYEQYFGPGTRLTVL,CASSDWVSYEQYFGPGTRLT,CLASSI,AHIII,HLA-A*02:01*,Mouse,ALWGFFPVL,TRAV12D-2,TRBV13-3,67.7,1.0,1980.0,0.71,0,"F,M",Mouse,HQTNNHDYMY,HYSYVADSTE,CASSDWVSYEQYF,AHIII TCR BETA CHAIN
30,2vlj,E,ITQSPKYLFRKEGQNVTLSCEQNLNHDAMYWYRQDPGQGLRLIYYSQIVNDFQKGDIAEGYSVSREKKESFPLTVTSAQKNPTAFYLCASSSRSSYEQYFGPGTRLTVT,CASSSRSSYEQYFGPGTRLT,CLASSI,JM22,HLA-A*02:01,Human,GILGFVFTL,TRAV27,TRBV19,60.6,4.4,1507.3,0.6,23,E,Human,EQNLNHDAMY,YYSQIVNDFQ,CASSSRSSYEQYF,JM22 TCR BETA CHAIN
31,2vlk,E,ITQSPKYLFRKEGQNVTLSCEQNLNHDAMYWYRQDPGQGLRLIYYSQIVNDFQKGDIAEGYSVSREKKESFPLTVTSAQKNPTAFYLCASSSRSSYEQYFGPGTRLTVT,CASSSRSSYEQYFGPGTRLT,CLASSI,JM22,HLA-A*02:01,Human,GILGFVFTL,TRAV27,TRBV19,61.5,4.2,1582.4,0.61,0,E,Human,EQNLNHDAMY,YYSQIVNDFQ,CASSSRSSYEQYF,JM22 TCR BETA CHAIN
32,2vlr,J,ITQSPKYLFRKEGQNVTLSCEQNLNHDAMYWYRQDPGQGLRLIYYSQIVNDFQKGDIAEGYSVSREKKESFPLTVTSAQKNPTAFYLCASSSRASYEQYFGPGTRLTVT,CASSSRASYEQYFGPGTRLT,CLASSI,JM22*,HLA-A*02:01,Human,GILGFVFTL,TRAV27,TRBV19,60.6,5.2,1591.1,0.62,1,"E,J",Human,EQNLNHDAMY,YYSQIVNDFQ,CASSSRASYEQYF,JM22 TCR BETA CHAIN
33,2ypl,E,ITQSPKYLFRKEGQNVTLSCEQNLNHDAMYWYRQDPGQGLRLIYYSQIVNDFQKGDIAEGYSVSREKKESFPLTVTSAQKNPTAFYLCASTGSYGYTFGSGTRLTVT,,CLASSI,AGA,HLA-B*57:01,Human,KAFSPEVIPMF,TRAV5,TRBV19,26.7,3.0,1518.3,0.81,0,E,Human,EQNLNHDAMY,YYSQIVNDFQ,CASTGSYGYTF,AGA T-CELL RECEPTOR BETA CHAIN
34,3d39,E,VTQTPKFQVLKTGQSMTLQCAQDMNHEYMSWYRQDPGMGLRLIHYSVGAGITDQGEVPNGYNVSRSTTEDFPLRLLSAAPSQTSVYFCASRPGLAGGRPEQYFGPGTRLTVT,,CLASSI,A6,HLA-A*02:01,Human,LLFGFPVYV,TRAV12-2,TRBV6-5,35.4,12.4,1754.9,0.71,0,E,Human,AQDMNHEYMS,HYSVGAGITD,CASRPGLAGGRPEQYF,A6 TCR beta chain
35,3d3v,E,VTQTPKFQVLKTGQSMTLQCAQDMNHEYMSWYRQDPGMGLRLIHYSVGAGITDQGEVPNGYNVSRSTTEDFPLRLLSAAPSQTSVYFCASRPGLAGGRPEQYFGPGTRLTVT,,CLASSI,A6,HLA-A*02:01,Human,LLFGFPVYV,TRAV12-2,TRBV6-5,34.7,11.8,1770.7,0.76,0,E,Human,AQDMNHEYMS,HYSVGAGITD,CASRPGLAGGRPEQYF,A6 TCR beta chain
36,3dxa,J,VSQNPRHKITKRGQNVTFRCDPISEHNRLYWYRQTLGQGPEFLTYFQNEAQLEKSRLLSDRFSAERPKGSFSTLEIQRTEQGDSAMYLCASRYRDDSYNEQFFGPGTRLTVL,,CLASSI,DM1,HLA-B*44:05,Human,EENLLDFVRF,TRAV26-1,TRBV7-9,57.3,8.6,2043.9,0.59,4,"E,J,O",Human,DPISEHNRLY,TYFQNEAQLEK,CASRYRDDSYNEQFF,DM1 T cell receptor beta chain
37,3e2h,C,VTQSPRNKVAVTGEKVTLSCNQTNNHNNMYWYRQDTGHELRLIYYSYGAGSTEKGDIPDGYKASRPSQENFSLTLESATPSQTSVYFCASGGGGTLYFGAGTRLSVL,,CLASSI,2C*,H2-Ld,Mouse,QLSPFPFDL,TRAV9-4,TRBV13-2,46.1,8.6,1766.6,0.59,1,C,Mouse,NQTNNHNNMY,YYSYGAGSTE,CASGGGGTLYF,M67 TCR beta chain
38,3e3q,S,VTQSPRNKVAVTGEKVTLSCNQTNNHNNMYWYRQDTGHELRLIYYSYGAGSTEKGDIPDGYKASRPSQENFSLTLESATPSQTSVYFCASGGGGTLYFGAGTRLSVL,,CLASSI,2C*,H2-Ld,Mouse,QLSPFPFDL,TRAV9-4,TRBV13-2,44.5,7.7,1665.3,0.68,1,"E,F,J,N,S,W,a,e",Mouse,NQTNNHNNMY,YYSYGAGSTE,CASGGGGTLYF,TCR beta chain
39,3ffc,J,VAQSPRYKIIEKRQSVAFWCNPISGHATLYWYQQILGQGPKLLIQFQNNGVVDDSQLPKDRFSAERLKGVDSTLKIQPAKLEDSAVYLCASSFTWTSGGATDTQYFGPGTRLTVL,CASSFTWTSGGATDTQYFGP,CLASSI,CF34,HLA-B*08:01,Human,FLRGRAYGL,TRAV14/DV4,TRBV11-2,27.5,3.6,2134.7,0.65,5,"E,J",Human,NPISGHATLY,IQFQNNGVVDD,CASSFTWTSGGATDTQYF,CF34 beta chain
40,3gsn,B,VTQTPKFQVLKTGQSMTLQCAQDMNHEYMSWYRQDPGMGLRLIHYSVGAGITDQGEVPNGYNVSRSTTEDFPLRLLSAAPSQTSVYFCASSPVTGGIYGYTFGSGTRLTVV,CASSPVTGGIYGYTFGSGTR,CLASSI,RA14,HLA-A*02:01,Human,NLVPMVATV,TRAV24,TRBV6-5,39.0,12.3,1861.0,0.63,10,B,Human,AQDMNHEYMS,HYSVGAGITD,CASSPVTGGIYGYTF,"RA14 TCR beta chain (TRBV6-5, TRBD1, TRBJ1-2)"
41,3h9s,E,VTQTPKFQVLKTGQSMTLQCAQDMNHEYMSWYRQDPGMGLRLIHYSVGAGITDQGEVPNGYNVSRSTTEDFPLRLLSAAPSQTSVYFCASRPGLAGGRPEQYFGPGTRLTVT,,CLASSI,A6,HLA-A*02:01,Human,MLWGYLQYV,TRAV12-2,TRBV6-5,35.3,14.3,1858.9,0.64,2,E,Human,AQDMNHEYMS,HYSVGAGITD,CASRPGLAGGRPEQYF,TRBV6-5 protein
42,3hg1,E,IHQWPATLVQPVGSPLSLECTVEGTSNPNLYWYRQAAGRGLQLLFYSVGIGQISSEVPQNLSASRPQDRQFILSSKKLLLSDSGFYLCAWSETGLGTGELFFGEGSRLTVL,,CLASSI,MEL5,HLA-A*02:01,Human,ELAGIGILTV,TRAV12-2,TRBV30,47.6,9.5,2000.3,0.61,6,E,Human,TVEGTSNPNLY,FYSVGIGQI,CAWSETGLGTGELFF,"T-cell Receptor, Beta Chain"
43,3kpr,J,VSQSPRYKVAKRGQDVALRCDPISGHVSLFWYQQALGQGPEFLTYFQNEAQLDKSGLPSDRFFAERPEGSVSTLKIQRTQQEDSAVYLCASSLGQAYEQYFGPGTRLTVT,CASSLGQAYEQYFGPGTRLT,CLASSI,LC13,HLA-B*44:05,Human,EEYLKAWTF,TRAV26-2,TRBV7-8,41.1,14.0,2316.9,0.69,3,"E,J",Human,DPISGHVSLF,TYFQNEAQLDK,CASSLGQAYEQYF,LC13 TCR beta chain
44,3kps,E,VSQSPRYKVAKRGQDVALRCDPISGHVSLFWYQQALGQGPEFLTYFQNEAQLDKSGLPSDRFFAERPEGSVSTLKIQRTQQEDSAVYLCASSLGQAYEQYFGPGTRLTVT,CASSLGQAYEQYFGPGTRLT,CLASSI,LC13,HLA-B*44:05,Human,EEYLQAFTY,TRAV26-2,TRBV7-8,42.6,13.7,2279.6,0.7,3,E,Human,DPISGHVSLF,TYFQNEAQLDK,CASSLGQAYEQYF,LC13 TCR beta chain
45,3kxf,H,VTQTPKFQVLKTGQSMTLQCAQDMNHNSMYWYRQDPGMGLRLIYYSASEGTTDKGEVPNGYNVSRLNKREFSLRLESAAPSQTSVYFCASPGLAGEYEQYFGPGTRLTVT,,CLASSI,SB27,HLA-B*35:08,Human,LPEPLPQGQLTAY,TRAV19,TRBV6-1,68.9,13.1,1773.6,0.73,1,"E,H,O,P",Human,AQDMNHNSMY,YYSASEGTTD,CASPGLAGEYEQYF,SB27 T cell receptor beta chain
46,3mv7,E,VTQTPKHLITATGQRVTLRCSPRSGDLSVYWYQQSLDQGLQFLIQYYNGEERAKGNILERFSAQQFPDLHSELNLSSLELGDSALYFCASSARSGELFFGEGSRLTVL,CASSARSGELFFGEGSRLTV,CLASSI,TK3,HLA-B*35:01,Human,HPVGEADYFEY,TRAV20,TRBV9,41.3,11.2,1870.0,0.62,12,E,Human,SPRSGDLSVY,IQYYNGEERA,CASSARSGELFF,beta chain of the TK3 TCR
47,3mv8,E,VTQTPKHLITATGQRVTLRCSPRSGDLSVYWYQQSLDQGLQFLIHYYNGEERAKGNILERFSAQQFPDLHSELNLSSLELGDSALYFCASSARSGELFFGEGSRLTVL,CASSARSGELFFGEGSRLTV,CLASSI,TK3*,HLA-B*35:01,Human,HPVGEADYFEY,TRAV20,TRBV9,40.4,11.5,1883.8,0.61,1,E,Human,SPRSGDLSVY,IHYYNGEERA,CASSARSGELFF,beta chain of the TK3 TCR
48,3mv9,E,VTQTPKHLITATGQRVTLRCSPRSGDLSVYWYQQSLDQGLQFLIAYYNGEERAKGNILERFSAQQFPDLHSELNLSSLELGDSALYFCASSARSGELFFGEGSRLTVL,CASSARSGELFFGEGSRLTV,CLASSI,TK3*,HLA-B*35:01,Human,HPVGEADYFEY,TRAV20,TRBV9,40.2,11.1,1858.9,0.61,1,E,Human,SPRSGDLSVY,IAYYNGEERA,CASSARSGELFF,beta chain of the TK3 TCR
49,3o4l,E,VSQHPSWVICKSGTSVKIECRSLDFQATTMFWYRQFPKQSLMLMATSNEGSKATYEQGVEKDKFLINHASLTLSTLTVTSAHPEDSSFYICSARDGTGNGYTFGSGTRLTVV,,CLASSI,AS01,HLA-A*02:01,Human,GLCTLVAML,TRAV5,TRBV20-1,45.9,3.1,2153.5,0.69,6,E,Human,RSLDFQATTMF,ATSNEGSKATYE,CSARDGTGNGYTF,"T-CELL RECEPTOR, BETA CHAIN"
50,3qdj,E,ITQAPTSQILAAGRRMTLRCTQDMRHNAMYWYRQDLGLGLRLIHYSNTAGTTGKGEVPDGYSVSRANTDDFPLTLASAVPSQTSVYFCASSLSFGTEAFFGQGTRLTVV,CASSLSFGTEAFFGQGTRLT,CLASSI,DMF5,HLA-A*02:01,Human,AAGIGILTV,TRAV12-2,TRBV6-4,33.0,4.9,2142.7,0.65,22,E,Human,TQDMRHNAMY,HYSNTAGTTG,CASSLSFGTEAFF,DMF5 beta chain
51,3qdm,E,ITQSPRHKVTETGTPVTLRCHQTENHRYMYWYRQDPGHGLRLIHYSYGVKDTDKGEVSDGYSVSRSKTEDFLLTLESATSSQTSVYFCAISEVGVGQPQHFGDGTRLSIL,,CLASSI,DMF4,HLA-A*02:01,Human,ELAGIGILTV,TRAV35,TRBV10-3,30.4,4.5,1706.3,0.65,1,E,Human,HQTENHRYMY,HYSYGVKDTD,CAISEVGVGQPQHF,DMF4 beta chain
52,3qeq,E,ITQSPRHKVTETGTPVTLRCHQTENHRYMYWYRQDPGHGLRLIHYSYGVKDTDKGEVSDGYSVSRSKTEDFLLTLESATSSQTSVYFCAISEVGVGQPQHFGDGTRLSIL,,CLASSI,DMF4,HLA-A*02:01,Human,AAGIGILTV,TRAV35,TRBV10-3,43.8,0.3,1890.4,0.71,1,E,Human,HQTENHRYMY,HYSYGVKDTD,CAISEVGVGQPQHF,DMF4 beta chain
53,3qfj,E,VTQTPKFQVLKTGQSMTLQCAQDMNHEYMSWYRQDPGMGLRLIHYSVGAGITDQGEVPNGYNVSRSTTEDFPLRLLSAAPSQTSVYFCASRPGLAGGRPEQYFGPGTRLTVT,,CLASSI,A6,HLA-A*02:01,Human,LLFGFPVYV,TRAV12-2,TRBV6-5,34.5,12.2,1943.5,0.72,1,E,Human,AQDMNHEYMS,HYSVGAGITD,CASRPGLAGGRPEQYF,A6 beta chain
54,3rgv,B,VTQSPRNKVAVTGGKVTLSCNQTNNHNNMYWYRQDTGHGLRLIHYSYGAGSTEKGDIPDGYKASRPSQENFSLILELATPSQTSVYFCASGDFWGDTLYFGAGTRLSVL,,CLASSI,Yae62,H2-Kb,Mouse,WIYVYRPMGCGGS,TRAV6D-3,TRBV13-2,52.0,7.7,1593.0,0.57,1,B,Mouse,NQTNNHNNMY,HYSYGAGSTE,CASGDFWGDTLYF,Yae62 TCR b chain
55,3sjv,J,VTQTPKFRVLKTGQSMTLLCAQDMNHEYMYWYRQDPGMGLRLIHYSVGEGTTAKGEVPDGYNVSRLKKQNFLLGLESAAPSQTSVYFCASGQGNFDIQYFGAGTRLSVL,,CLASSI,RL42,HLA-B*08:01,Human,FLRGRAYGL,TRAV12-1,TRBV6-2,36.7,3.7,2026.7,0.56,0,"E,J,O,T",Human,AQDMNHEYMY,HYSVGEGTTA,CASGQGNFDIQYF,"RL42 T cell receptor, beta chain"
56,3tf7,K,VTQSNKVTVTGENVTLSCRQTNSHNYMYWYRQDTGHELRLIYYSYGAGNLQIGDVPDGYKATRTTQEDFFLTLESASPSQTSLYFCASSDAPGQLYFGEGSKLTVL,CASSDAPGQLYFGEGSKLTV,CLASSI,42F3,H2-Ld,Mouse,QLSPFPFDL,TRAV9D-3,TRAV9D-3,50.4,23.0,1353.2,0.66,1,,,,,,
57,3tfk,D,VTQSPRNKVTVTGGNVTLSCRQTNSHNYMYWYRQDTGHGLRLIHYSYGAGNLQIGDVPDGYKATRTTQEDFFLLLELASPSQTSLYFCASSDAPGQLYFGEGSKLTVL,CASSDAPGQLYFGEGSKLTV,CLASSI,42F3,H2-Ld,Mouse,QLSDVPMDL,TRAV9D-3,TRBV13-1,45.5,25.7,1632.7,0.63,0,D,Mouse,RQTNSHNYMY,HYSYGAGNLQ,CASSDAPGQLYF,42F3 beta
58,3tjh,D,VTQSPRNKVTVTGGNVTLSCRQTNSHNYMYWYRQDTGHGLRLIHYSYGAGNLQIGDVPDGYKATRTTQEDFFLLLELASPSQTSLYFCASSDAPGQLYFGEGSKLTVL,CASSDAPGQLYFGEGSKLTV,CLASSI,42F3,H2-Ld,Mouse,SPLDSLWWI,TRAV9D-3,TRBV13-1,23.7,28.7,1627.9,0.6,1,D,Mouse,RQTNSHNYMY,HYSYGAGNLQ,CASSDAPGQLYF,42F3 beta
59,3tpu,B,VTQSPRNKVTVTGGNVTLSCRQTNSHNYMYWYRQDTGHGLRLIHYSYGAGNLQIGDVPDGYKATRTTQEDFFLLLELASPSQTSLYFCASSDAPGQLYFGEGSKLTVL,CASSDAPGQLYFGEGSKLTV,CLASSI,42F3,H2-Ld,Mouse,FLSPFWFDI,TRAV9D-3,TRBV13-1,41.9,11.6,2179.7,0.68,1,"B,D,H,N",Mouse,RQTNSHNYMY,HYSYGAGNLQ,CASSDAPGQLYF,42F3 beta
60,3uts,E,VIQSPRHEVTEMGQQVTLRCKPISGHDYLFWYRQTMMRGLELLIYFNNNVPIDDSGMPEDRFSAKMPNASFSTLKIQPSEPRDSAVYFCASSLWEKLAKNIQYFGAGTRLSVL,CASSLWEKLAKNIQYFGAGT,CLASSI,1E+06,HLA-A*02:01,Human,ALWGPDPAAA,TRAV12-3,TRBV12-4,36.1,7.9,1311.9,0.74,0,"E,J",Human,KPISGHDYLF,IYFNNNVPIDD,CASSLWEKLAKNIQYF,1E6 TCR Beta Chain
61,3utt,J,VIQSPRHEVTEMGQQVTLRCKPISGHDYLFWYRQTMMRGLELLIYFNNNVPIDDSGMPEDRFSAKMPNASFSTLKIQPSEPRDSAVYFCASSLWEKLAKNIQYFGAGTRLSVL,CASSLWEKLAKNIQYFGAGT,CLASSI,1E+06,HLA-A*02:01,Human,ALWGPDPAAA,TRAV12-3,TRBV12-4,46.7,9.0,1391.6,0.61,2,"E,J",Human,KPISGHDYLF,IYFNNNVPIDD,CASSLWEKLAKNIQYF,1E6 TCR Beta Chain
62,3vxm,E,VTQTPKHLVMGMTNKKSLKCEQHMGHRAMYWYKQKAKKPPELMFVYSYEKLSINESVPSRFSPECPNSSLLNLHLHALQPEDSALYLCASSPTSGIYEQYFGPGTRLTVT,CASSPTSGIYEQYFGPGTRL,CLASSI,C1-28,HLA-A*24:02,Human,RFPLTFGWCF,TRAV8-3,TRBV4-1,48.8,13.6,1910.0,0.69,2,E,Human,EQHMGHRAMY,FVYSYEKLSI,CASSPTSGIYEQYF,C1-28 TCR beta chain
63,3vxr,E,VSQNPRHKITKRGQNVTFRCDPISEHNRLYWYRQTLGQGPEFLTYFQNEAQLEKSRLLSDRFSAERPKGSFSTLEIQRTEQGDSAMYLCASSSWDTGELFFGEGSRLTVL,CASSSWDTGELFFGEGSRLT,CLASSI,H27-14,HLA-A*24:02,Human,RYPLTFGWCF,TRAV21,TRBV7-9,50.8,8.1,1896.6,0.75,3,E,Human,DPISEHNRLY,TYFQNEAQLEK,CASSSWDTGELFF,H27-14 TCR beta chain
64,3vxs,E,VSQNPRHKITKRGQNVTFRCDPISEHNRLYWYRQTLGQGPEFLTYFQNEAQLEKSRLLSDRFSAERPKGSFSTLEIQRTEQGDSAMYLCASSSWDTGELFFGEGSRLTVL,CASSSWDTGELFFGEGSRLT,CLASSI,H27-14,HLA-A*24:02,Human,RYPLTLGWCF,TRAV21,TRBV7-9,53.4,6.9,1937.7,0.77,1,E,Human,DPISEHNRLY,TYFQNEAQLEK,CASSSWDTGELFF,H27-14 TCR beta chain
65,3vxu,E,VTQNPRYLITVTGKKLTVTCSQNMNHEYMSWYRQDPGLGLRQIYYSMNVEVTDKGDVPEGYKVSRKEKRNFPLILESPSPNQTSLYFCASSGASHEQYFGPGTRLTVT,CASSGASHEQYFGPGTRLTV,CLASSI,T36-5,HLA-A*24:02,Human,RFPLTFGWCF,TRAV12-2,TRBV27,59.5,3.4,2350.3,0.66,2,"E,J",Human,SQNMNHEYMS,YYSMNVEVTD,CASSGASHEQYF,T36-5 TCR beta chain
66,4eup,J,VTQSSRYLVKRTGEKVFLECVQDMDHENMFWYRQDPGLGLRLIYFSYDVKMKEKGDIPEGYSVSREKKERFSLILASASTDQTSMYLCASSFLGTGVEQYFGPGTRLTVV,CASSFLGTGVEQYFGPGTRL,CLASSI,JKF6,HLA-A*02:01,Human,ALGIGILTV,TRAV12-2,TRBV28,31.2,13.2,1858.2,0.67,0,"H,J",Human,VQDMDHENMF,YFSYDVKMKE,CASSFLGTGVEQYF,JKF6 beta chain
67,4ftv,E,VTQTPKFQVLKTGQSMTLQCAQDMNHEYMSWYRQDPGMGLRLIHYSVGAGITDQGEVPNGYNVSRSTTEDFPLRLLSAAPSQTSVYFCASRPGLMSAQPEQYFGPGTRLTVT,,CLASSI,A6_c134,HLA-A*02:01,Human,LLFGYPVYV,TRAV12-2,TRBV6-5,32.9,12.1,2097.3,0.74,1,E,Human,AQDMNHEYMS,HYSVGAGITD,CASRPGLMSAQPEQYF,A6 beta chain
68,4g8g,E,VTQTPKFQVLKTGQSMTLQCAQDMNHEYMSWYRQDPGMGLRLIHYSVGAGITDQGEVPNGYNVSRSTTEDFPLRLLSAAPSQTSVYFCASREGLGGTEAFFGQGTRLTVV,,CLASSI,C12C,HLA-B*27:05,Human,KRWIILGLNK,TRAV14/DV4,TRBV6-5,41.2,19.8,1813.2,0.66,2,E,Human,AQDMNHEYMS,HYSVGAGITD,CASREGLGGTEAFF,beta chain C12C TCR
69,4g9f,E,VTQTPKFQVLKTGQSMTLQCAQDMNHEYMSWYRQDPGMGLRLIHYSVGAGITDQGEVPNGYNVSRSTTEDFPLRLLSAAPSQTSVYFCASREGLGGTEAFFGQGTRLTVV,,CLASSI,C12C,HLA-B*27:05,Human,KRWIIMGLNK,TRAV14/DV4,TRBV6-5,41.6,20.5,1781.4,0.68,1,E,Human,AQDMNHEYMS,HYSVGAGITD,CASREGLGGTEAFF,beta chain C12C TCR
70,4jfd,E,IHQWPATLVQPVGSPLSLECTVEGTSNPNLYWYRQAAGRGPQLLFYWGPFGQISSEVPQNLSASRPQDRQFILSSKKLLLSDSGFYLCAWSETGLGMGGWQFGEGSRLTVL,,CLASSI,a24b17,HLA-A*02:01,Human,ELAAIGILTV,TRAV12-2,TRBV30,41.9,10.5,2335.6,0.62,1,E,Human,TVEGTSNPNLY,FYWGPFGQI,CAWSETGLGMGGWQF,High Affinity TCR Beta Chain
71,4jfe,E,IHQWPATLVQPVGSPLSLECTVEGTSNPNLYWYRQAAGRGPQLLFYWGPFGQISSEVPQNLSASRPQDRQFILSSKKLLLSDSGFYLCAWSETGLGMGGWQFGEGSRLTVL,,CLASSI,a24b17,HLA-A*02:01,Human,ELAGIGALTV,TRAV12-2,TRBV30,42.0,10.3,2458.7,0.63,1,E,Human,TVEGTSNPNLY,FYWGPFGQI,CAWSETGLGMGGWQF,High Affinity TCR Beta Chain
72,4jff,E,IHQWPATLVQPVGSPLSLECTVEGTSNPNLYWYRQAAGRGPQLLFYWGPFGQISSEVPQNLSASRPQDRQFILSSKKLLLSDSGFYLCAWSETGLGMGGWQFGEGSRLTVL,,CLASSI,a24b17,HLA-A*02:01,Human,ELAGIGILTV,TRAV12-2,TRBV30,42.2,10.8,2374.4,0.66,8,E,Human,TVEGTSNPNLY,FYWGPFGQI,CAWSETGLGMGGWQF,High Affinity TCR Beta Chain
73,4jrx,E,VTQTPKFQVLKTGQSMTLQCAQDMNHNSMYWYRQDPGMGLRLIYYSASEGTTDKGEVPNGYNVSRLNKREFSLRLESAAPSQTSVYFCASPGETEAFFGQGTRLTVT,,CLASSI,CA5,HLA-B*35:05,Human,LPEPLPQGQLTAY,TRAV19,TRBV6-1,66.8,12.9,1753.7,0.78,2,E,Human,AQDMNHNSMY,YYSASEGTTD,CASPGETEAFF,CA5 TCR beta chain
74,4jry,E,VTQSPTHLIKTRGQQVTLRCSPKSGHDTVSWYQQALGQGPQFIFQYYEEEERQRGNFPDRFSGHQFPNYSSELNVNALLLGDSALYLCASSRTGSTYEQYFGPGTRLTVT,CASSRTGSTYEQYFGPGTRL,CLASSI,SB47,HLA-B*35:05,Human,LPEPLPQGQLTAY,TRAV39,TRBV5-6,62.4,24.7,1963.9,0.68,12,E,Human,SPKSGHDTVS,FQYYEEEERQ,CASSRTGSTYEQYF,SB47 TCR beta chain
75,4l3e,E,ITQAPTSQILAAGRRMTLRCTQDMRHNAMYWYRQDLGLGLRLIHYSNTAGTTGKGEVPDGYSVSRANTDDFPLTLASAVPSQTSVYFCASSWSFGTEAFFGQGTRLTVV,CASSWSFGTEAFFGQGTRLT,CLASSI,DMF5*,HLA-A*02:01,Human,ELAGIGILTV,TRAV12-2,TRBV6-4,31.7,2.7,2202.7,0.64,8,E,Human,TQDMRHNAMY,HYSNTAGTTG,CASSWSFGTEAFF,DMF5 beta chain
76,4mji,E,VSQTPSNKVTEKGKYVELRCDPISGHTALYWYRQSLGQGPEFLIYFQGTGAADDSGLPNDRFFAVRPEGSVSTLKIQRTERGDSAVYLCASSLTGGGELFFGEGSRLTVL,CASSLTGGGELFFGEGSRLT,CLASSI,3B,HLA-B*51:01,Human,TAFTIPSI,TRAV17,TRBV7-3,43.5,3.3,2193.1,0.65,1,"E,J",Human,DPISGHTALY,IYFQGTGAADD,CASSLTGGGELFF,T-cell Receptor Beta chain
77,4mnq,E,VTQTPKFQVLKTGQSMTLQCAQDMNHEYMSWYRQDPGMGLRLIHYSIHPEYTDQGEVPNGYNVSRSTTEDFPLRLLSAAPSQTSVYFCASSYQGTEAFFGQGTRLTVV,CASSYQGTEAFFGQGTRLTV,CLASSI,ILA1a1b1,HLA-A*02:01,Human,ILAKFLHWL,TRAV22,TRBV6-5,42.1,13.0,2515.9,0.58,26,E,Human,AQDMNHEYMS,HYSIHPEYTD,CASSYQGTEAFF,"V_segment translation product, T-cell receptor beta-1 chain C region"
78,4ms8,D,VTQSPRNKVTVTGGNVTLSCRQTNSHNYMYWYRQDTGHGLRLIHYSYGAGNLQIGDVPDGYKATRTTQEDFFLLLELASPSQTSLYFCASSDAPGQLYFGEGSKLTVL,CASSDAPGQLYFGEGSKLTV,CLASSI,42F3,H2-Ld,Mouse,SPAEAGFFL,TRAV9D-3,TRBV13-1,63.6,17.1,1535.0,0.67,0,D,Mouse,RQTNSHNYMY,HYSYGAGNLQ,CASSDAPGQLYF,42F3 beta
79,4mvb,D,VTQSPRNKVTVTGGNVTLSCRQTNSHNYMYWYRQDTGHGLRLIHYSYGAGNLQIGDVPDGYKATRTTQEDFFLLLELASPSQTSLYFCASSDAPGQLYFGEGSKLTVL,CASSDAPGQLYFGEGSKLTV,CLASSI,42F3,H2-Ld,Mouse,QPAEGGFQL,TRAV9D-3,TRBV13-1,58.0,13.5,1638.9,0.6,0,D,Mouse,RQTNSHNYMY,HYSYGAGNLQ,CASSDAPGQLYF,42F3 beta VmCh
80,4mxq,D,VTQSPRNKVTVTGGNVTLSCRQTNSHNYMYWYRQDTGHGLRLIHYSYGAGNLQIGDVPDGYKATRTTQEDFFLLLELASPSQTSLYFCASSDAPGQLYFGEGSKLTVL,CASSDAPGQLYFGEGSKLTV,CLASSI,42F3,H2-Ld,Mouse,SPAPRPLDL,TRAV9D-3,TRBV13-1,47.5,21.5,1575.3,0.59,0,D,Mouse,RQTNSHNYMY,HYSYGAGNLQ,CASSDAPGQLYF,42F3 beta VmVh chimera
81,4n0c,H,VTQSPRNKVTVTGGNVTLSCRQTNSHNYMYWYRQDTGHGLRLIHYSYGAGNLQIGDVPDGYKATRTTQEDFFLLLELASPSQTSLYFCASSDAPGQLYFGEGSKLTVL,CASSDAPGQLYFGEGSKLTV,CLASSI,42F3,H2-LD,Mouse,MPAGRPWDL,TRAV9D-3,TRBV13-1,45.3,22.0,1550.6,0.61,0,"D,H",Mouse,RQTNSHNYMY,HYSYGAGNLQ,CASSDAPGQLYF,42F3 VmCh beta
82,4n5e,D,VTQSPRNKVTVTGGNVTLSCRQTNSHNYMYWYRQDTGHGLRLIHYSYGAGNLQIGDVPDGYKATRTTQEDFFLLLELASPSQTSLYFCASSDAPGQLYFGEGSKLTVL,CASSDAPGQLYFGEGSKLTV,CLASSI,42F3,H2-Ld,Mouse,VPYMAEFGM,TRAV9D-3,TRBV13-1,45.2,22.0,1734.2,0.61,0,D,Mouse,RQTNSHNYMY,HYSYGAGNLQ,CASSDAPGQLYF,42F3 beta VmCh
83,4nhu,B,VTQSPRNKVAVTGGKVTLSCNQTNNHNNMYWYRQDTGHGLRLIHYSYGAGSTEKGDIPDGYKASRPSQENFSLILELATPSQTSVYFCASGGGGTLYFGAGTRLSVL,,CLASSI,2C*,H2-Ld,Mouse,GGAPWNPAMMI,TRAV9-4,TRBV13-2,93.8,18.9,1488.5,0.69,0,"B,D",Mouse,NQTNNHNNMY,HYSYGAGSTE,CASGGGGTLYF,2C m33 beta VmCh chimera
84,4prh,E,VTQTPKHLITATGQRVTLRCSPRSGDLSVYWYQQSLDQGLQFLIQYYNGEERAKGNILERFSAQQFPDLHSELNLSSLELGDSALYFCASSARSGELFFGEGSRLTVL,CASSARSGELFFGEGSRLTV,CLASSI,TK3,HLA-B*35:08,Human,HPVGDADYFEY,TRAV20,TRBV9,43.2,11.4,1956.0,0.66,1,E,Human,SPRSGDLSVY,IQYYNGEERA,CASSARSGELFF,TK3 TCR beta chain
85,4pri,E,VTQTPKHLITATGQRVTLRCSPRSGDLSVYWYQQSLDQGLQFLIQYYNGEERAKGNILERFSAQQFPDLHSELNLSSLELGDSALYFCASSARSGELFFGEGSRLTVL,CASSARSGELFFGEGSRLTV,CLASSI,TK3,HLA-B*35:05,Human,HPVGEADYFEY,TRAV20,TRBV9,41.5,12.2,1963.5,0.66,4,E,Human,SPRSGDLSVY,IQYYNGEERA,CASSARSGELFF,TK3 TCR beta chain
86,4prp,E,VTQTPKHLITATGQRVTLRCSPRSGDLSVYWYQQSLDQGLQFLIQYYNGEERAKGNILERFSAQQFPDLHSELNLSSLELGDSALYFCASSARSGELFFGEGSRLTVL,CASSARSGELFFGEGSRLTV,CLASSI,TK3,HLA-B*35:01,Human,HPVGQADYFEY,TRAV20,TRBV9,41.3,11.7,1914.2,0.64,0,E,Human,SPRSGDLSVY,IQYYNGEERA,CASSARSGELFF,TK3 TCR beta chain
87,4qok,E,IHQWPATLVQPVGSPLSLECTVEGTSNPNLYWYRQAAGRGLQLLFYSVGIGQISSEVPQNLSASRPQDRQFILSSKKLLLSDSGFYLCAWSETGLGTGELFFGEGSRLTVL,,CLASSI,MEL5,HLA-A*02:01,Human,EAAGIGILTV,TRAV12-2,TRBV30,46.9,10.1,2053.6,0.64,1,E,Human,TVEGTSNPNLY,FYSVGIGQI,CAWSETGLGTGELFF,Mel5 TCR chain beta
88,4qrp,I,VAQSPRYKIIEKRQSVAFWCNPISGHATLYWYQQILGQGPKLLIQFQNNGVVDDSQLPKDRFSAERLKGVDSTLKIQPAKLEDSAVYLCASSLRGRGDQPQHFGDGTRLSIL,CASSLRGRGDQPQHFGDGTR,CLASSI,DD31,HLA-B*08:01,Human,HSKKKCDEL,TRAV9-2,TRBV11-2,48.4,19.2,2160.4,0.64,6,"E,I,L",Human,NPISGHATLY,IQFQNNGVVDD,CASSLRGRGDQPQHF,DD31 TCR beta chain
89,4qrr,E,VTQTPRYLIKTRGQQVTLSCSPISGHRSVSWYQQTPGQGLQFLFEYFSETQRNKGNFPGRFSGRQFSNSRSEMNVSTLELGDSALYLCASSLEGGYYNEQFFGPGTRLTVT,CASSLEGGYYNEQFFGPGTR,CLASSI,clone12,HLA-B*35:01,Human,IPSINVHHY,TRDV1,TRBV5-1,39.2,12.0,2011.0,0.6,0,E,Human,SPISGHRSVS,FEYFSETQRN,CASSLEGGYYNEQFF,clone12 TCR alpha chain
90,5brz,E,VTQTPRYLIKTRGQQVTLSCSPISGHRSVSWYQQTPGQGLQFLFEYFSETQRNKGNFPGRFSGRQFSNSRSEMNVSTLELGDSALYLCASSFNMATGQYFGPGTRLTVT,CASSFNMATGQYFGPGTRLT,CLASSI,MAG-IC3,HLA-A*01:01,Human,EVDPIGHLY,TRAV21,TRBV5-1,57.0,13.8,1838.7,0.61,0,E,Human,SPISGHRSVS,FEYFSETQRN,CASSFNMATGQYF,"Protein TRBV5-1,Human nkt tcr beta chain"
91,5bs0,E,VTQTPRYLIKTRGQQVTLSCSPISGHRSVSWYQQTPGQGLQFLFEYFSETQRNKGNFPGRFSGRQFSNSRSEMNVSTLELGDSALYLCASSFNMATGQYFGPGTRLTVT,CASSFNMATGQYFGPGTRLT,CLASSI,MAG-IC3,HLA-A*01:01,Human,ESDPIVAQY,TRAV21,TRBV5-1,57.3,13.0,1991.0,0.67,0,E,Human,SPISGHRSVS,FEYFSETQRN,CASSFNMATGQYF,"Protein TRBV5-1,Human nkt tcr beta chain"
92,5c07,E,VIQSPRHEVTEMGQQVTLRCKPISGHDYLFWYRQTMMRGLELLIYFNNNVPIDDSGMPEDRFSAKMPNASFSTLKIQPSEPRDSAVYFCASSLWEKLAKNIQYFGAGTRLSVL,CASSLWEKLAKNIQYFGAGT,CLASSI,1E+06,HLA-A*02:01,Human,YQFGPDFPIA,TRAV12-3,TRBV12-4,43.3,9.7,1612.2,0.58,0,"E,J",Human,KPISGHDYLF,IYFNNNVPIDD,CASSLWEKLAKNIQYF,1E6 TCR Beta Chain
93,5c08,E,VIQSPRHEVTEMGQQVTLRCKPISGHDYLFWYRQTMMRGLELLIYFNNNVPIDDSGMPEDRFSAKMPNASFSTLKIQPSEPRDSAVYFCASSLWEKLAKNIQYFGAGTRLSVL,CASSLWEKLAKNIQYFGAGT,CLASSI,1E+06,HLA-A*02:01,Human,RQWGPDPAAV,TRAV12-3,TRBV12-4,43.6,10.6,1569.0,0.61,0,"E,J",Human,KPISGHDYLF,IYFNNNVPIDD,CASSLWEKLAKNIQYF,1E6 TCR Beta Chain
94,5c09,J,VIQSPRHEVTEMGQQVTLRCKPISGHDYLFWYRQTMMRGLELLIYFNNNVPIDDSGMPEDRFSAKMPNASFSTLKIQPSEPRDSAVYFCASSLWEKLAKNIQYFGAGTRLSVL,CASSLWEKLAKNIQYFGAGT,CLASSI,1E+06,HLA-A*02:01,Human,YLGGPDFPTI,TRAV12-3,TRBV12-4,44.0,9.2,1501.3,0.56,0,"E,J",Human,KPISGHDYLF,IYFNNNVPIDD,CASSLWEKLAKNIQYF,1E6 TCR Beta Chain
95,5c0a,J,VIQSPRHEVTEMGQQVTLRCKPISGHDYLFWYRQTMMRGLELLIYFNNNVPIDDSGMPEDRFSAKMPNASFSTLKIQPSEPRDSAVYFCASSLWEKLAKNIQYFGAGTRLSVL,CASSLWEKLAKNIQYFGAGT,CLASSI,1E+06,HLA-A*02:01,Human,MVWGPDPLYV,TRAV12-3,TRBV12-4,45.5,7.8,1347.1,0.67,0,"E,J",Human,KPISGHDYLF,IYFNNNVPIDD,CASSLWEKLAKNIQYF,1E6 TCR Beta Chain
96,5c0b,J,VIQSPRHEVTEMGQQVTLRCKPISGHDYLFWYRQTMMRGLELLIYFNNNVPIDDSGMPEDRFSAKMPNASFSTLKIQPSEPRDSAVYFCASSLWEKLAKNIQYFGAGTRLSVL,CASSLWEKLAKNIQYFGAGT,CLASSI,1E+06,HLA-A*02:01,Human,RQFGPDFPTI,TRAV12-3,TRBV12-4,44.7,9.6,1658.4,0.52,0,"E,J",Human,KPISGHDYLF,IYFNNNVPIDD,CASSLWEKLAKNIQYF,1E6 TCR Beta Chain
97,5c0c,E,VIQSPRHEVTEMGQQVTLRCKPISGHDYLFWYRQTMMRGLELLIYFNNNVPIDDSGMPEDRFSAKMPNASFSTLKIQPSEPRDSAVYFCASSLWEKLAKNIQYFGAGTRLSVL,CASSLWEKLAKNIQYFGAGT,CLASSI,1E+06,HLA-A*02:01,Human,RQFGPDWIVA,TRAV12-3,TRBV12-4,43.4,9.2,1666.8,0.58,0,"E,J",Human,KPISGHDYLF,IYFNNNVPIDD,CASSLWEKLAKNIQYF,1E6 TCR Beta Chain
98,5d2l,F,VSQSPSNKVTEKGKDVELRCDPISGHTALYWYRQRLGQGLEFLIYFQGNSAPDKSGLPSDRFSAERTGESVSTLTIQRTQQEDSAVYLCASSQTQLWETQYFGPGTRLLVL,CASSQTQLWETQYFGPGTRL,CLASSI,C7,HLA-A*02:01,Human,NLVPMVATV,TRAV24,TRBV7-2,29.0,12.8,1860.5,0.59,1,"F,J,L,P",Human,DPISGHTALY,IYFQGNSAPDK,CASSQTQLWETQYF,C7 TCR beta chain
99,5d2n,E,VSQSPRYKVTKRGQDVALRCDPISGHVSLYWYRQALGQGPEFLTYFNYEAQQDKSGLPNDRFSAERPEGSISTLTIQRTEQRDSAMYRCASSLAPGTTNEKLFFGSGTQLSVL,CASSLAPGTTNEKLFFGSGT,CLASSI,C25,HLA-A*02:01,Human,NLVPMVATV,TRAV26-2,TRBV7-6,60.4,9.4,1837.7,0.69,1,"E,F",Human,DPISGHVSLY,TYFNYEAQQDK,CASSLAPGTTNEKLFF,C25 beta
100,5e6i,L,VTQNPRYLITVTGKELTVTCSQNMNHEYMSWYRQDPGLGLRQIYYSMNVEVTDKGDVPEGYKVSRKEKRNFPLILESPSPNQTSLYFCASSLIYPGELFFGEGSRLTVL,CASSLIYPGELFFGEGSRLT,CLASSI,PF8,HLA-A*02:01,Human,GILGFVFTL,TRAV35,TRBV27,63.0,2.1,2111.4,0.51,0,"B,H,L,Q",Human,SQNMNHEYMS,YYSMNVEVTD,CASSLIYPGELFF,T-cell receptor beta-2 chain C region
101,5e9d,J,VTQTPKFQVLKTGQSMTLQCAQDMNHEYMAWYRQDPGMGLRLIHYSVGVGITDQGDVPDGYKVSRSTTEDFPLRLLSAAPSQTSVYFCASRPGWMAGGVELYFGPGTRLTVT,,CLASSI,RD1-MART1high,HLA-A*02:01,Human,ELAGIGILTV,TRAV12-2,TRBV6-5,40.1,24.6,1383.9,0.62,0,"E,J",Human,AQDMNHEYMA,HYSVGVGITD,CASRPGWMAGGVELYF,A6-TCR Vbeta
102,5eu6,E,VSQTPSNKVTEKGKYVELRCDPISGHTALYWYRQSLGQGPEFLIYFQGTGAADDSGLPNDRFFAVRPEGSVSTLKIQRTERGDSAVYLCASSFIGGTDTQYFGPGTRLTVL,CASSFIGGTDTQYFGPGTRL,CLASSI,PMEL17,HLA-A*02:01,Human,YLEPGPVTV,TRAV21,TRBV7-3,47.5,10.9,1742.5,0.75,0,E,Human,DPISGHTALY,IYFQGTGAADD,CASSFIGGTDTQYF,Human TCR Heavy Chain
103,5euo,F,ITQSPKYLFRKEGQNVTLSCEQNLNHDAMYWYRQDPGQGLRLIYYSQIVNDFQKGDIAEGYSVSREKKESFPLTVTSAQANPTAFYLCASSIRSSYEQYFGPGTRLTVT,CASSIRSSYEQYFGPGTRLT,CLASSI,PF6,HLA-A*02:01,Human,GILGFVFTL,TRAV27,TRBV19,64.4,2.3,1786.7,0.55,0,"F,H",Human,EQNLNHDAMY,YYSQIVNDFQ,CASSIRSSYEQYF,PF6 TCR beta chain
104,5hhm,J,ITQSPKYLFRKEGQNVTLSCEQNLNHDAMYWYRQDPGQGLRLIYYSQIVNDFQKGDIAEGYSVSREKKESFPLTVTSAQKNPTAFYLCASSSRSSYEQYFGPGTRLTVT,CASSSRSSYEQYFGPGTRLT,CLASSI,JM22,HLA-A*02:01,Human,GILGLVFTL,TRAV27,TRBV19,63.3,4.8,1497.3,0.65,0,"E,J",Human,EQNLNHDAMY,YYSQIVNDFQ,CASSSRSSYEQYF,JM22 TCR beta chain
105,5hho,E,ITQSPKYLFRKEGQNVTLSCEQNLNHDAMYWYRQDPGQGLRLIYYSQIVNDFQKGDIAEGYSVSREKKESFPLTVTSAQKNPTAFYLCASSIRSSYEQYFGPGTRLTVT,CASSIRSSYEQYFGPGTRLT,CLASSI,JM22,HLA-A*02:01,Human,GILEFVFTL,TRAV27,TRBV19,63.7,4.1,1573.8,0.64,0,E,Human,EQNLNHDAMY,YYSQIVNDFQ,CASSIRSSYEQYF,JM22 TCR beta chain
106,5hyj,J,VIQSPRHEVTEMGQQVTLRCKPISGHDYLFWYRQTMMRGLELLIYFNNNVPIDDSGMPEDRFSAKMPNASFSTLKIQPSEPRDSAVYFCASSLWEKLAKNIQYFGAGTRLSVL,CASSLWEKLAKNIQYFGAGT,CLASSI,1E+06,HLA-A*02:01,Human,AQWGPDPAAA,TRAV12-3,TRBV12-4,43.0,12.4,1589.1,0.66,0,"E,J",Human,KPISGHDYLF,IYFNNNVPIDD,CASSLWEKLAKNIQYF,"Human T-cell Receptor, Class I, Heavy beta Chain"
107,5isz,E,ITQSPKYLFRKEGQNVTLSCEQNLNHDAMYWYRQDPGQGLRLIYYSQIVNDFQKGDIAAGYSVSREKKESFPLTVTSAQKNPTAFYLCASSIFGQREQYFGPGTRLTVT,CASSIFGQREQYFGPGTRLT,CLASSI,LS01,HLA-A*02:01,Human,GILGFVFTL,TRAV24,TRBV19,55.4,6.1,1944.1,0.71,0,E,Human,EQNLNHDAMY,YYSQIVNDFQ,CASSIFGQREQYF,TCRbeta chain
108,5ivx,F,VTQMPRYLIKRMGENVLLECGQDMSHETMYWYRQDPGLGLQLIYISYDVDSNSEGDIPKGYRVSRKKREHFSLILDSAKTNQTSVYFCASSLGHTEVFFGKGTRLTVV,CASSLGHTEVFFGKGTRLTV,CLASSI,B4.2.3,H2-Dd,Mouse,RGPGRAFVTI,TRAV14-3,TRBV29,30.2,23.8,1948.4,0.71,0,F,Mouse,GQDMSHETMY,YISYDVDSNS,CASSLGHTEVFF,T-CELL RECEPTOR BETA CHAIN
109,5jhd,E,ITQSPKYLFRKEGQNVTLSCEQNLNHDAMYWYRQDPGQGLRLIYYSQIVNDFQKGDIAEGYSVSREKKESFPLTVTSAQKNPTAFYLCASSIGVYGYTFGSGTRLTVV,CASSIGVYGYTFGSGTRLTV,CLASSI,LS10,HLA-A*02:01,Human,GILGFVFTL,TRAV38-2/DV8,TRBV19,47.1,9.0,2061.6,0.64,0,"E,J",Human,EQNLNHDAMY,YYSQIVNDFQ,CASSIGVYGYTF,TCRbeta chain
110,5jzi,J,IYQTPRYLVIGTGKKITLECSQTMGHDKMYWYQQDPGMELHLIHYSYGVNSTEKGDLSSESTVSRIRTEHFPLTLESARPSHTSQYLCASRRGPYEQYFGPGTRLTVT,,CLASSI,1406,HLA-A*02:01,Human,KLVALGINAV,TRAV38-2/DV8,TRBV25-1,30.0,17.2,2116.1,0.63,0,"E,J",Human,SQTMGHDKMY,HYSYGVNSTE,CASRRGPYEQYF,HCV1406 TCR beta chain
111,5m00,H,VTQSPRSKVAVTGGKVTLSCHQTNNHDYMYWYRQDTGHGLRLIHYSYVADSTEKGDIPDGYKASRPSQENFSLILELASLSQTAVYFCASSDAGGRNTLYFGAGTRLSVL,CASSDAGGRNTLYFGAGTRL,CLASSI,P14,H2-Db,Mouse,KAVANFATM,TRAV14D-1,TRBV13-3,42.5,13.7,1619.7,0.55,0,H,Mouse,HQTNNHDYMY,HYSYVADSTE,CASSDAGGRNTLYF,"T-cell receptor beta chain V region C5,Uncharacterized protein"
112,5m01,H,VTQSPRSKVAVTGGKVTLSCHQTNNHDYMYWYRQDTGHGLRLIHYSYVADSTEKGDIPDGYKASRPSQENFSLILELASLSQTAVYFCASSDAGGRNTLYFGAGTRLSVL,CASSDAGGRNTLYFGAGTRL,CLASSI,P14,H2-Db,Mouse,KAPANFATM,TRAV14D-1,TRBV13-3,42.6,13.6,1692.2,0.6,0,H,Mouse,HQTNNHDYMY,HYSYVADSTE,CASSDAGGRNTLYF,"T-cell receptor beta chain V region C5,T-cell receptor beta-2 chain C region"
113,5m02,H,VTQSPRSKVAVTGGKVTLSCHQTNNHDYMYWYRQDTGHGLRLIHYSYVADSTEKGDIPDGYKASRPSQENFSLILELASLSQTAVYFCASSDAGGRNTLYFGAGTRLSVL,CASSDAGGRNTLYFGAGTRL,CLASSI,P14,H2-Db,Mouse,KAPFNFATM,TRAV14D-1,TRBV13-3,41.9,12.8,1683.0,0.65,0,H,Mouse,HQTNNHDYMY,HYSYVADSTE,CASSDAGGRNTLYF,"T-cell receptor beta chain V region C5,T-cell receptor beta-2 chain C region"
114,5men,E,VTQTPKFQVLKTGQSMTLQCAQDMNHEYMSWYRQDPGMGLRLIHYSVGAGITDQGEVPNGYNVSRSTTEDFPLRLLSAAPSQTSVYFCASSYQGTEAFFGQGTRLTVV,CASSYQGTEAFFGQGTRLTV,CLASSI,ILA1,HLA-A*02:01,Human,ILAKFLHWL,TRAV22,TRBV6-5,39.8,13.0,2267.8,0.64,0,E,Human,AQDMNHEYMS,HYSVGAGITD,CASSYQGTEAFF,"Protein TRBV6-5,Human nkt tcr beta chain"
115,5nht,B,ITQSPKYLFRKEGQNVTLSCEQNLNHDAMYWYRQDPGQGLRLIYYSQIVNDFQKGDIAEGYSVSREKKESFPLTVTSAQKNPTAFYLCASSQGLAGAGELFFGEGSRLTVL,CASSQGLAGAGELFFGEGSR,CLASSI,199.54-16,HLA-A*02:01,Human,ELAGIGILTV,TRAV12-2,TRBV19,33.9,2.8,1803.1,0.67,0,B,Human,EQNLNHDAMY,YYSQIVNDFQ,CASSQGLAGAGELFF,"T-cell receptor beta variable 19,TRB protein"
116,5nme,E,VTQSPTHLIKTRGQQVTLRCSPKQGHDTVSWYQQALGQGPQFIFQYYEEEERQRGNFPDRFSGHQFPNYSSELNVNALLLGDSALYLCASSDTVSYEQYFGPGTRLTVT,CASSDTVSYEQYFGPGTRLT,CLASSI,868,HLA-A*02:01,Human,SLYNTVATL,TRAV12-2,TRBV5-6,51.6,8.0,2101.9,0.63,0,"E,J",Human,SPKQGHDTVS,FQYYEEEERQ,CASSDTVSYEQYF,Human T-cell receptor beta chain
117,5nmf,E,VTQSPTHLIKTRGQQVTLRCSPKQGHDTVSWYQQALGQGPQFIFQYYEEEERQRGNFPDRFSGHQFPNYSSELNVNALLLGDSALYLCASSDTVSYEQYFGPGTRLTVT,CASSDTVSYEQYFGPGTRLT,CLASSI,868,HLA-A*02:01,Human,SLYNTIATL,TRAV12-2,TRBV5-6,50.3,9.7,2036.1,0.65,0,"E,J",Human,SPKQGHDTVS,FQYYEEEERQ,CASSDTVSYEQYF,Human T-cell receptor Beta chain
118,5nmg,J,VTQSPTHLIKTRGQQVTLRCSPKQGHDTVSWYQQALGQGPQFIFQYYEEEERQRGNFPDRFSGHQFPNYSSELNVNALLLGDSALYLCASSDTVSYEQYFGPGTRLTVT,CASSDTVSYEQYFGPGTRLT,CLASSI,868,HLA-A*02:01,Human,SLFNTIAVL,TRAV12-2,TRBV5-6,51.7,8.3,2025.7,0.66,0,"E,J",Human,SPKQGHDTVS,FQYYEEEERQ,CASSDTVSYEQYF,Human T-cell Receptor beta chain
119,5nqk,B,ITQSPKYLFRKEGQNVTLSCEQNLNHDAMYWYRQDPGQGLRLIYYSQIVNDFQKGDIAEGYSVSREKKESFPLTVTSAQKNPTAFYLCASSQGLAGAGELFFGEGSRLTVL,CASSQGLAGAGELFFGEGSR,CLASSI,199.16,HLA-A*02:01,Human,ELAGIGILTV,TRAV12-2,TRBV19,36.1,1.6,1795.3,0.64,0,B,Human,EQNLNHDAMY,YYSQIVNDFQ,CASSQGLAGAGELFF,"T-cell receptor beta variable 19,TRB protein"
120,5sws,E,VKQNPRYKLARVGKPVNLICSQTMNHDTMYWYQKKPNQAPKLLLFYYDKILNREADTFEKFQSSRPNNSFCSLYIGSAGLEYSAMYLCASSAGLDAEQYFGPGTRLLVL,CASSAGLDAEQYFGPGTRLL,CLASSI,NP2-B17,H2-Db,Mouse,ASNENMETM,TRAV14-1,TRBV17,127.8,48.8,1890.8,0.63,0,E,Mouse,SQTMNHDTMY,LFYYDKILNR,CASSAGLDAEQYF,NP1-B17 TCR beta chain
121,5swz,E,VKQNPRYKLARVGKPVNLICSQTMNHDTMYWYQKKPNQAPKLLLFYYDKILNREADTFEKFQSSRPNNSFCSLYIGSAGLEYSAMYLCASSRDLGRDTQYFGPGTRLTVL,CASSRDLGRDTQYFGPGTRL,CLASSI,NP1-B17,H2-Db,Mouse,ASNENMETM,TRAV14-1,TRBV17,127.8,49.6,1927.5,0.69,0,"E,J,O,T",Mouse,SQTMNHDTMY,LFYYDKILNR,CASSRDLGRDTQYF,NP1-B17 TCR beta chain
122,5tez,J,VTQNPRYLITVTGKKLTVTCSQNMNHEYMSWYRQDPGLGLRQIYYSMNVEVTDKGDVPEGYKVSRKEKRNFPLILESPSPNQTSLYFCASSLLGGWSEAFFGQGTRLTVT,CASSLLGGWSEAFFGQGTRL,CLASSI,F50,HLA-A*02:01,Human,GILGFVFTL,TRAV13-1,TRBV27,34.6,15.4,1777.4,0.62,0,J,Human,SQNMNHEYMS,YYSMNVEVTD,CASSLLGGWSEAFF,TCR F50 beta chain
123,5til,H,VTQSPRSKVAVTGGKVTLSCHQTNNHDYMYWYRQDTGHGLRLIHYSYVADSTEKGDIPDGYKASRPSQENFSLILELASLSQTAVYFCASSDAGGRNTLYFGAGTRLSVL,CASSDAGGRNTLYFGAGTRL,CLASSI,P14,H2-Db,Mouse,KAPYNFATM,TRAV14D-1,TRBV13-3,44.9,13.0,1647.7,0.7,0,"H,L",Mouse,HQTNNHDYMY,HYSYVADSTE,CASSDAGGRNTLYF,Beta chain of murine T cell receptor P14
124,5tje,F,VTQSPRSKVAVTGGKVTLSCHQTNNHDYMYWYRQDTGHGLRLIHYSYVADSTEKGDIPDGYKASRPSQENFSLILELASLSQTAVYFCASSDAGGRNTLYFGAGTRLSVL,CASSDAGGRNTLYFGAGTRL,CLASSI,P14,H2-Db,Mouse,KAVYNFATM,TRAV14D-1,TRBV13-3,44.4,13.2,1666.5,0.66,0,"F,H",Mouse,HQTNNHDYMY,HYSYVADSTE,CASSDAGGRNTLYF,BETA CHAIN OF MURINE T CELL RECEPTOR p14
125,5w1v,J,VTQTPKHLITATGQRVTLRCSPRSGDLSVYWYQQSLDQGLQFLIQYYNGEERAKGNILERFSAQQFPDLHSELNLSSLELGDSALYFCASSANPGDSSNEKLFFGSGTQLSVL,CASSANPGDSSNEKLFFGSG,CLASSI,GF4,HLA-E,Human,VMAPRTLIL,TRAV35,TRBV9,68.8,7.1,2120.7,0.7,0,"E,J,O,T",Human,SPRSGDLSVY,IQYYNGEERA,CASSANPGDSSNEKLFF,GF4 T cell receptor beta chain
126,5w1w,O,VTQTPKHLITATGQRVTLRCSPRSGDLSVYWYQQSLDQGLQFLIQYYNGEERAKGNILERFSAQQFPDLHSELNLSSLELGDSALYFCASSANPGDSSNEKLFFGSGTQLSVL,CASSANPGDSSNEKLFFGSG,CLASSI,GF4,HLA-E,Human,VMAPRTLVL,TRAV35,TRBV9,67.4,8.0,2105.1,0.72,0,"E,J,O,T",Human,SPRSGDLSVY,IQYYNGEERA,CASSANPGDSSNEKLFF,GF4 T cell receptor beta chain
127,5wkf,J,VAQSPRYKIIEKRQSVAFWCNPISGHATLYWYQQILGQGPKLLIQFQNNGVVDDSQLPKDRFSAERLKGVDSTLKIQPAKLEDSAVYLCASSLGQGLLYGYTFGSGTRLTVL,CASSLGQGLLYGYTFGSGTR,CLASSI,D30,HLA-A*11:01,Human,GTSGSPIVNR,TRAV30,TRBV11-2,39.1,12.1,1811.5,0.68,0,"E,J",Human,NPISGHATLY,IQFQNNGVVDD,CASSLGQGLLYGYTF,D30 TCR beta chain
128,5wkh,E,VAQSPRYKIIEKRQSVAFWCNPISGHATLYWYQQILGQGPKLLIQFQNNGVVDDSQLPKDRFSAERLKGVDSTLKIQPAKLEDSAVYLCASSLGQGLLYGYTFGSGTRLTVL,CASSLGQGLLYGYTFGSGTR,CLASSI,D30,HLA-A*11:01,Human,GTSGSPIINR,TRAV30,TRBV11-2,38.7,13.0,1777.6,0.71,0,"E,J",Human,NPISGHATLY,IQFQNNGVVDD,CASSLGQGLLYGYTF,D30 TCR beta chain
129,5wlg,E,VTQSPRSKVAVTGGKVTLSCHQTNNHDYMYWYRQDTGHGLRLIHYSYVADSTEKGDIPDGYKASRPSQENFSLILELASLSQTAVYFCASSDWGDTGQLYFGEGSKLTVL,CASSDWGDTGQLYFGEGSKL,CLASSI,NB1,H2-Db,Mouse,SQLLNAKYL,TRAV8-2,TRBV13-3,18.5,4.8,2143.2,0.69,0,"E,J",Mouse,HQTNNHDYMY,HYSYVADSTE,CASSDWGDTGQLYF,"T-cell receptor beta chain V region C5,Human nkt tcr beta chain"
130,6avf,B,VTQSSRYLVKRTGEKVFLECVQDMDHENMFWYRQDPGLGLRLIYFSYDVKMKEKGDIPEGYSVSREKKERFSLILESASTNQTSMYLCASSQRQEGDTQYFGPGTRLTVL,CASSQRQEGDTQYFGPGTRL,CLASSI,KFJ5,HLA-B*07:02,Human,APRGPHGGAASGL,TRAV4,TRBV28,39.5,9.7,1559.4,0.63,0,B,Human,VQDMDHENMF,YFSYDVKMKE,CASSQRQEGDTQYF,"T-cell receptor beta variable 28,TCR beta chain"
131,6avg,E,VTQTPKHLITATGQRVTLRCSPRSGDLSVYWYQQSLDQGLQFLIQYYNGEERAKGNILERFSAQQFPDLHSELNLSSLELGDSALYFCASSGGHTGSNEQFFGPGTRLTVL,CASSGGHTGSNEQFFGPGTR,CLASSI,KFJ37,HLA-B*07:02,Human,APRGPHGGAASGL,TRAV4,TRBV9,37.8,5.0,2322.1,0.67,0,"D,E",Human,SPRSGDLSVY,IQYYNGEERA,CASSGGHTGSNEQFF,"T-cell receptor beta variable 9,TCR beta chain"
132,6bj2,E,VTQSPTHLIKTRGQQVTLRCSSQSGHNTVSWYQQALGQGPQFIFQYYREEENGRGNFPPRFSGLQFPNYSSELNVNALELDDSALYLCASSFRGGKTQYFGPGTRLLVL,CASSFRGGKTQYFGPGTRLL,CLASSI,589,HLA-B*35:01,Human,IPLTEEAEL,TRAV19,TRBV5-4,41.1,7.1,2115.4,0.58,0,E,Human,SSQSGHNTVS,FQYYREEENG,CASSFRGGKTQYF,TCR 589 beta chain
133,6bj3,H,VTQTPKFQVLKTGQSMTLQCAQDMNHNSMYWYRQDPGMGLRLIYYSASEGTTDKGEVPNGYNVSRLNKREFSLRLESAAPSQTSVYFCASRTRGGTLIEQYFGPGTRLTVT,,CLASSI,55,HLA-B*35:01,Human,IPLTEEAEL,TRDV1,TRBV6-1,42.0,7.5,1899.7,0.7,0,H,Human,AQDMNHNSMY,YYSASEGTTD,CASRTRGGTLIEQYF,TCR 55 beta chain
134,6bj8,H,VTQTPKFQVLKTGQSMTLQCAQDMNHNSMYWYRQDPGMGLRLIYYSASEGTTDKGEVPNGYNVSRLNKREFSLRLESAAPSQTSVYFCASRTRGGTLIEQYFGPGTRLTVT,,CLASSI,55,HLA-B*35:01,Human,VPLTEDAEL,TRDV1,TRBV6-1,41.8,7.4,1932.2,0.72,0,H,Human,AQDMNHNSMY,YYSASEGTTD,CASRTRGGTLIEQYF,TCR 55 beta chain
135,5xov,J,IHQWPATLVQPVGSPLSLECTVEGTSNPNLYWYRQAAGRGLQLLFYSVGIGQISSEVPQNLSASRPQDRQFILSSKKLLLSDSGFYLCAWSVSVGAGVPTIYFGEGSWLTVV,,CLASSI,S19-2/TU55,HLA-A*24:02,Human,RYPLTFGWCF,TRDV1,TRBV30,34.1,10.5,1823.7,0.66,0,"H,J",Human,TVEGTSNPNLY,FYSVGIGQI,CAWSVSVGAGVPTIYF,V-beta chain of T cell receptor
136,5xot,E,VTQTPKFQVLKTGQSMTLQCAQDMNHNSMYWYRQDPGMGLRLIYYSASEGTTDKGEVPNGYNVSRLNKREFSLRLESAAPSQTSVYFCASRTRGGTLIEQYFGPGTRLTVT,,CLASSI,TU55/TU55,HLA-B*35:01,Human,IPLTEEAEL,TRDV1,TRBV6-1,41.1,8.6,1950.3,0.65,0,E,Human,AQDMNHNSMY,YYSASEGTTD,CASRTRGGTLIEQYF,The beta chain of TU55 TCR
137,2ckb,B,VTQSPRNKVAVTGGKVTLSCNQTNNHNNMYWYRQDTGHGLRLIHYSYGAGSTEKGDIPDGYKASRPSQENFSLILELATPSQTSVYFCASGGGGTLYFGAGTRLSVL,,CLASSI,2C,H2-K1,Mouse,EQYKFYSV,TRAV9-4,TRBV13-2,22.3,7.9,1980.5,0.41,0,"B,D",Mouse,NQTNNHNNMY,HYSYGAGSTE,CASGGGGTLYF,"ALPHA, BETA T CELL RECEPTOR"
138,1d9k,B,VTQSPRNKVAVTGGKVTLSCNQTNNHNNMYWYRQDTGHGLRLIHYSYGAGSTEKGDIPDGYKASRPSQENFSLILELATPSQTSVYFCASGGQGRAEQFFGPGTRLTVL,,CLASSII,D10,I-Ak,Mouse,GNSHRGAIEWEGIESG,TRAV14D-2,TRBV13-2,53.4,6.9,1993.3,0.7,0,"B,F",Mouse,NQTNNHNNMY,HYSYGAGSTE,CASGGQGRAEQFF,T-CELL RECEPTOR D10 (BETA CHAIN)
139,1fyt,E,VTQSSRYLVKRTGEKVFLECVQDMDHENMFWYRQDPGLGLRLIYFSYDVKMKEKGDIPEGYSVSREKKERFSLILESASTNQTSMYLCASSSTGLPYGYTFGSGTRLTVV,CASSSTGLPYGYTFGSGTRL,CLASSII,HA1.7,HLA-DR1,Human,PKYVKQNTLKLAT,TRAV8-4,TRBV28,47.2,2.8,2086.4,0.56,3,E,Human,VQDMDHENMF,YFSYDVKMKE,CASSSTGLPYGYTF,T-CELL RECEPTOR BETA CHAIN
140,1j8h,E,VTQSSRYLVKRTGEKVFLECVQDMDHENMFWYRQDPGLGLRLIYFSYDVKMKEKGDIPEGYSVSREKKERFSLILESASTNQTSMYLCASSSTGLPYGYTFGSGTRLTVV,CASSSTGLPYGYTFGSGTRL,CLASSII,HA1.7,HLA-DR4,Human,PKYVKQNTLKLAT,TRAV8-4,TRBV28,48.9,1.0,2111.4,0.56,0,E,Human,VQDMDHENMF,YFSYDVKMKE,CASSSTGLPYGYTF,T-CELL RECEPTOR BETA CHAIN
141,1u3h,B,VTQSPRNKVAVTGEKVTLSCNQTNNHNNMYWYRQDTGHGLRLIYYSYGAGSTEKGDIPDGYKASRPSQENFSLTLESATPSQTSVYFCASGDAGGGYEQYFGPGTRLTVL,,CLASSII,172.10,I-Au,Mouse,SRGGASQYRPSQ,TRAV14-3,TRBV13-2,43.7,0.7,1904.2,0.62,0,"B,F",Mouse,NQTNNHNNMY,YYSYGAGSTE,CASGDAGGGYEQYF,"Mouse TCRVbeta 172.10, extracellular variable domain"
142,1ymm,E,VSQHPSWVISKSGTSVKIECRSLDFQATTMFWYRQFPKQSLMLMATSNEGSKATYEQGVEKDKFLINHASLTLSTLTVTSAHPEDSSFYICSARDLTSGANNEQFFGPGTRLTVL,,CLASSII,Ob.1A12,HLA-DR2b,Human,ENPVVHFFKNIVTPR,TRAV17,TRBV20-1,83.5,18.0,1993.2,0.51,0,E,Human,RSLDFQATTMF,ATSNEGSKATYE,CSARDLTSGANNEQFF,T-cell receptor beta chain
143,1zgl,T,VTQTPRYLIKTRGQQVTLSCSPISGHRSVSWYQQTPGQGLQFLFEYFNETQRNKGNFPGRFSGRQFSNSRSEMNVSTLELGDSALYLCASSLADRVNTEAFFGQGTRLTVV,CASSLADRVNTEAFFGQGTR,CLASSII,3A6,HLA-DR2a,Human,VHFFKNIVTPRTPGG,TRAV9-2,TRBV5-1,40.3,8.7,2224.7,0.61,0,"P,R,T,V",Human,SPISGHRSVS,FEYFNETQRN,CASSLADRVNTEAFF,T cell receptor beta chain
144,2iam,D,VTQTPKFRILKIGQSMTLQCTQDMNHNYMYWYRQDPGMGLKLIYYSVGAGITDKGEVPNGYNVSRSTTEDFPLRLELAAPSQTSVYFCASTYHGTGYFGEGSWLTVV,,CLASSII,E8,HLA-DR1,Human,GELIGILNAAKVPAD,TRAV22,TRBV6-6,44.4,15.6,2188.7,0.69,0,D,Human,TQDMNHNYMY,YYSVGAGITD,CASTYHGTGYF,CD4+ T cell receptor E8 beta chain
145,2ian,J,VTQTPKFRILKIGQSMTLQCTQDMNHNYMYWYRQDPGMGLKLIYYSVGAGITDKGEVPNGYNVSRSTTEDFPLRLELAAPSQTSVYFCASTYHGTGYFGEGSWLTVV,,CLASSII,E8,HLA-DR1,Human,GELIGTLNAAKVPAD,TRAV22,TRBV6-6,44.0,15.5,2207.2,0.67,0,"E,J,O,T",Human,TQDMNHNYMY,YYSVGAGITD,CASTYHGTGYF,CD4+ T cell receptor E8 beta chain
146,2pxy,B,VTQSPRNKVAVTGEKVTLSCNQTNNHNNMYWYRQDTGHGLRLIYYSYGAGSTEKGDIPDGYKASRPSQENFSLTLESATPSQTSVYFCASGDASGAETLYFGPGTRLTVL,,CLASSII,1934.4,I-Au,Mouse,HSRGGASQYRPSQ,TRAV6D-7,TRBV13-2,49.1,3.7,1992.9,0.7,0,B,Mouse,NQTNNHNNMY,YYSYGAGSTE,CASGDASGAETLYF,T cell receptor beta chain
147,2wbj,H,VSQHPSWVISKSGTSVKIECRSLDFQATTMFWYRQFPKQSLMLMATSNEGSKATYEQGVEKDKFLINHASLTLSTLTVTSAHPEDSSFYICSARDLTSGANNEQFFGPGTRLTVT,,CLASSII,Ob,HLA-DR2b,Human,DFARVHFISALHGSG,TRAV17,TRBV20-1,80.3,19.6,2135.3,0.61,0,"D,H",Human,RSLDFQATTMF,ATSNEGSKATYE,CSARDLTSGANNEQFF,OB TCR
148,2z31,B,VTQSPRNKVAVTGEKVTLSCNQTNNHNNMYWYRQDTGHGLRLIYYSYGAGSTEKGDIPDGYKASRPSQENFSLTLESATPSQTSVYFCASGDASGGNTLYFGAGTRLSVL,,CLASSII,cl19,I-Au,Mouse,RGGASQYRPSQ,TRAV6D-7,TRBV13-2,48.9,3.1,1976.8,0.64,0,B,Mouse,NQTNNHNNMY,YYSYGAGSTE,CASGDASGGNTLYF,T-cell receptor beta-chain
149,3c5z,F,VTQSPRSKVAVTGGKVTLSCHQTNNHDYMYWYRQDTGHGLRLIHYSYVADSTEKGDIPDGYKASRPSQENFSLILELASLSQTAVYFCASIDSSGNTLYFGEGSRLIVV,,CLASSII,B3K506,I-Ab,Mouse,FEAQKAKANKAVD,TRAV6-7/DV9,TRBV13-3,45.9,11.0,2224.1,0.56,0,"B,F",Mouse,HQTNNHDYMY,HYSYVADSTE,CASIDSSGNTLYF,TCR B3K506 Beta Chain
150,3c60,F,VTQSPRNKVAVTGGKVTLSCNQTNNHNNMYWYRQDTGHGLRLIHYSYGAGSTEKGDIPDGYKASRPSQENFSLILELATPSQTSVYFCASGDFWGDTLYFGAGTRLSVL,,CLASSII,YAe62,I-Ab,Mouse,FEAQKAKANKAVD,TRAV6D-3,TRBV13-2,53.1,6.9,1410.1,0.72,0,"B,F",Mouse,NQTNNHNNMY,HYSYGAGSTE,CASGDFWGDTLYF,TCR YAe62 beta chain
151,3c6l,B,VTQSPRNKVAVTGGKVTLSCNQTNNHNNMYWYRQDTGHGLRLIHYSYGAGSTEKGDIPDGYKASRPSQENFSLILELATPSQTSVYFCASGDAWGYEQYFGPGTRLTVL,,CLASSII,2W20,I-Ab,Mouse,FEAQKAKANKAVD,TRAV14-2,TRBV13-2,44.4,2.4,1819.4,0.64,0,"B,F",Mouse,NQTNNHNNMY,HYSYGAGSTE,CASGDAWGYEQYF,TCR 2W20 beta chain
152,3mbe,D,VTQSPRSKVAVTGGKVTLSCHQTNNHDYMYWYRQDTGHGLRLIHYSYVADSTEKGDIPDGYKASRPSQENFSLILELASLSQTAVYFCASSWDRAGNTLYFGEGSRLIVV,CASSWDRAGNTLYFGEGSRL,CLASSII,21.30,I-Ag7,Mouse,GAMKRHGLDNYRGYSLGN,TRAV4-2,TRBV13-3,48.2,15.1,2687.7,0.6,0,"D,H",Mouse,HQTNNHDYMY,HYSYVADSTE,CASSWDRAGNTLYF,TCR 21.3 beta chain
153,3o6f,D,VSQHPSWVIAKSGTSVKIECRSLDFQATTMFWYRQFPKQSLMLMATSNEGSKATYEQGVEKDKFLINHASLTLSTLTVTSAHPEDSSFYICSARGGSYNSPLHFGNGTRLTVT,,CLASSII,MS2-3C8,HLA-DR4,Human,FSWGAEGQRPGFG,TRAV26-2,TRBV20-1,36.4,6.0,2038.3,0.64,7,"D,H",Human,RSLDFQATTMF,ATSNEGSKATYE,CSARGGSYNSPLHF,T-cell receptor beta-1 chain C region
154,3pl6,D,VSQTPSNKVTEKGKYVELRCDPISGHTALYWYRQSLGQGPEFLIYFQGTGAADDSGLPNDRFFAVRPEGSVSTLKIQRTERGDSAVYLCATSALGDTQYFGPGTRLTVL,,CLASSII,Hy.1B11,HLA-DQ1,Human,ENPVVHFFKNIVTPR,TRAV13-1,TRBV7-3,25.3,14.3,1628.5,0.62,10,D,Human,DPISGHTALY,IYFQGTGAADD,CATSALGDTQYF,MBP peptide / T-cell receptor beta chain chimera
155,3qib,D,VIQTPRYLVKGQGQKAKMRCIPEKGHPVVFWYQQNKNNEFKFLINFQNQEVLQQIDMTEKRFSAECPSNSPCSLEIQSSEAGDSALYLCASSLNWSQDTQYFGPGTRLLVL,CASSLNWSQDTQYFGPGTRL,CLASSII,2B4,I-Ek,Mouse,ADLIAYLKQATKG,TRAV4D-4,TRBV26,36.9,11.8,2567.8,0.72,29,D,Mouse,IPEKGHPVVF,INFQNQEVLQQ,CASSLNWSQDTQYF,2B4 beta chain
156,3qiu,D,VIQTPRYLVKGQGQKAKMRCIPEKGHPVVFWYQQNKNNEFKFLINFQNQEVLQQIDMTEKRFSAECPSNSPCSLEIQSSEAGDSALYLCASSLNNANSDYTFGSGTRLLVI,CASSLNNANSDYTFGSGTRL,CLASSII,226,I-Ek,Mouse,ADLIAYLKQATKG,TRAV4D-4,TRBV26,39.4,12.1,2453.3,0.67,3,D,Mouse,IPEKGHPVVF,INFQNQEVLQQ,CASSLNNANSDYTF,TCR 226 beta chain
157,3qiw,D,VIQTPRYLVKGQGQKAKMRCIPEKGHPVVFWYQQNKNNEFKFLINFQNQEVLQQIDMTEKRFSAECPSNSPCSLEIQSSEAGDSALYLCASSLNNANSDYTFGSGTRLLVI,CASSLNNANSDYTFGSGTRL,CLASSII,226,I-Ek,Mouse,ADLIAYLEQATKG,TRAV4D-4,TRBV26,40.4,11.9,2452.6,0.64,1,D,Mouse,IPEKGHPVVF,INFQNQEVLQQ,CASSLNNANSDYTF,TCR 226 beta chain
158,3rdt,B,VTQSPRNKVAVTGGKVTLSCNQTNNHNNMYWYRQDTGHGLRLIHYSYGAGSTEKGDIPDGYKASRPSQENFSLILELATPSQTSVYFCASGDFWGDTLYFGAGTRLSVL,,CLASSII,J809.B5,I-Ab,Mouse,FEAQKAKANKAVD,TRAV14D-3/DV8,TRBV13-2,41.4,7.2,1529.0,0.75,0,B,Mouse,NQTNNHNNMY,HYSYGAGSTE,CASGDFWGDTLYF,TCR 809.B5 beta chain
159,4E+41,E,GVTQSPTHLIKTRGQQATLRCSPISGHTSVYWYQQALGLQFLLWYDEGEERNRGNFPPRFSGRQFPNYSSELNVNALELEDSALYLCASSQIRETQYFGPGTRLLVL,CASSQIRETQYFGPGTRLLV,CLASSII,G4,HLA-DR1,Human,GELIGILNAAKVPAD,TRAV22,TRBV5-8,45.8,18.4,2055.7,0.48,0,"E,J",Human,SPISGHTSVY,LWYDEGEERN,CASSQIRETQYF,T cell receptor G4 beta chain
160,4gg6,F,VTQTPKHLITATGQRVTLRCSPRSGDLSVYWYQQSLDQGLQFLIQYYNGEERAKGNILERFSAQQFPDLHSELNLSSLELGDSALYFCASSVAVSAGTYEQYFGPGTRLTVT,CASSVAVSAGTYEQYFGPGT,CLASSII,SP3.4,HLA-DQ8,Human,QQYPSGEGSFQPSQENPQ,TRAV26-2,TRBV9,39.9,6.9,1719.1,0.57,14,"F,H",Human,SPRSGDLSVY,IQYYNGEERA,CASSVAVSAGTYEQYF,"T-CELL RECEPTOR, SP3.4 BETA CHAIN"
161,4grl,D,VSQTPSNKVTEKGKYVELRCDPISGHTALYWYRQSLGQGPEFLIYFQGTGAADDSGLPNDRFFAVRPEGSVSTLKIQRTERGDSAVYLCATSALGDTQYFGPGTRLTVL,,CLASSII,Hy.1B11,HLA-DQ1,Human,DRLLMLFAKDVVSRN,TRAV13-1,TRBV7-3,26.1,14.6,1792.8,0.65,0,D,Human,DPISGHTALY,IYFQGTGAADD,CATSALGDTQYF,TCR Hy.1B11 beta chain
162,4h1l,J,GITQSPKYLFRKEGQNVTLSCEQNLNHDAMYWYRQDPGQGLRLIYYSQIVNDFQKGDIAEGYSVSREKKESFPLTVTSAQKNPTAFYLCASSLRDGYTGELFFGEGSRLTV,CASSLRDGYTGELFFGEGSR,CLASSII,Ani2.3,HLA-DR52c,Human,QHIRCNIPKRISA,TRAV8-3,TRBV19,56.0,11.6,2124.0,0.59,2,"H,J",Human,EQNLNHDAMY,YYSQIVNDFQ,CASSLRDGYTGELFF,Ani2.3 TCR B chain
163,4may,D,VSQTPSNKVTEKGKYVELRCDPISGHTALYWYRQSLGQGPEFLIYFQGTGAADDSGLPNDRFFAVRPEGSVSTLKIQRTERGDSAVYLCATSALGDTQYFGPGTRLTVL,,CLASSII,Hy.1B11,HLA-DQ1,Human,RQLVHFVRDFAQL,TRAV13-1,TRBV7-3,25.5,14.3,1692.1,0.67,0,D,Human,DPISGHTALY,IYFQGTGAADD,CATSALGDTQYF,"UL15 peptide-HY.1B11 TCR beta chain, chimeric construct"
164,4ozf,H,VSQSPSNKVTEKGKDVELRCDPISGHTALYWYRQSLGQGLEFLIYFQGNSAPDKSGLPSDRFSAERTGGSVSTLTIQRTQQEDSAVYLCASSFRALAADTQYFGPGTRLTVL,CASSFRALAADTQYFGPGTR,CLASSII,JR5.1,HLA-DQ2.5,Human,APQPELPYPQPGS,TRAV26-1,TRBV7-2,46.2,13.0,1723.1,0.68,1,H,Human,DPISGHTALY,IYFQGNSAPDK,CASSFRALAADTQYF,"T-CELL RECEPTOR, JR5.1 BETA CHAIN"
165,4ozg,F,VSQSPSNKVTEKGKDVELRCDPISGHTALYWYRQSLGQGLEFLIYFQGNSAPDKSGLPSDRFSAERTGGSVSTLTIQRTQQEDSAVYLCASSFRFTDTQYFGPGTRLTVL,CASSFRFTDTQYFGPGTRLT,CLASSII,D2,HLA-DQ2.5,Human,APQPELPYPQPGS,TRAV26-1,TRBV7-2,36.1,6.4,2098.9,0.7,13,"F,H",Human,DPISGHTALY,IYFQGNSAPDK,CASSFRFTDTQYF,"T-cell receptor, d2, beta chain"
166,4ozh,F,VSQSPSNKVTEKGKDVELRCDPISGHTALYWYRQSLGQGLEFLIYFQGNSAPDKSGLPSDRFSAERTGGSVSTLTIQRTQQEDSAVYLCASSVRSTDTQYFGPGTRLTVL,CASSVRSTDTQYFGPGTRLT,CLASSII,S16,HLA-DQ2.5,Human,APQPELPYPQPGS,TRAV26-1,TRBV7-2,36.2,6.0,2056.6,0.68,1,"F,H",Human,DPISGHTALY,IYFQGNSAPDK,CASSVRSTDTQYF,"T-cell receptor, s16, beta chain"
167,4ozi,H,VSQHPSWVICKSGTSVKIECRSLDFQATTMFWYRQFPKQSLMLMATSNEGSKATYEQGVEKDKFLINHASLTLSTLTVTSAHPEDSSFYICSAGVGGQETQYFGPGTRLLVL,,CLASSII,S2,HLA-DQ2.5,Human,QPFPQPELPYPGS,TRAV4,TRBV20-1,46.0,22.0,2161.1,0.58,1,"F,H",Human,RSLDFQATTMF,ATSNEGSKATYE,CSAGVGGQETQYF,"T-cell receptor, s2, beta chain"
168,4p23,B,VTQSPRNKVAVTGGKVTLSCDQTNNHNNMYWYRQDTGHGLRLIHYSYGAGSTEKGDIPDGYKASRPSQEDFSLILELATPSQTSVYFCASGDFWGDTLYFGAGTRLSVL,,CLASSII,J809.B5,I-Ab,Mouse,FEAQKAKANKAVD,TRAV14D-3/DV8,TRBV13-2,41.1,6.7,1568.8,0.74,2,B,Mouse,DQTNNHNNMY,HYSYGAGSTE,CASGDFWGDTLYF,J809.B5 TCR V beta chain (Vb8.2)
169,4p2o,D,VIQTPRYLVKGQGQKAKMRCIPEKGHPVVFWYQQNKNNEFKFLINFQNQEVLQQIDMTEKRFSAECPSNSPCSLEIQSSEAGDSALYLCASSLNWSQDTQYFGPGTRLLVL,CASSLNWSQDTQYFGPGTRL,CLASSII,2B4,I-Ek,Mouse,ADPLAFFSSAIK,TRAV4D-4,TRBV26,40.1,12.7,2248.5,0.64,0,D,Mouse,IPEKGHPVVF,INFQNQEVLQQ,CASSLNWSQDTQYF,2B4 T-cell receptor beta chain
170,4p2q,T,VIQTPRYLVKGQGQKAKMRCIPEKGHPVVFWYQQNKNNEFKFLINFQNQEVLQQIDMTEKRFSAECPSNSPCSLEIQSSEAGDSALYLCASSLNNANSDYTFGSGTRLLVI,CASSLNNANSDYTFGSGTRL,CLASSII,5cc7,I-Ek,Mouse,ADGLAYFRSSFK,TRAV4D-4,TRBV26,32.2,15.9,2128.2,0.69,0,"E,J,O,T",Mouse,IPEKGHPVVF,INFQNQEVLQQ,CASSLNNANSDYTF,5cc7 T-cell receptor beta chain
171,4p2r,J,VIQTPRYLVKGQGQKAKMRCIPEKGHPVVFWYQQNKNNEFKFLINFQNQEVLQQIDMTEKRFSAECPSNSPCSLEIQSSEAGDSALYLCASSLNNANSDYTFGSGTRLLVI,CASSLNNANSDYTFGSGTRL,CLASSII,5cc7,I-Ek,Mouse,ANGVAFFLTPFK,TRAV4D-4,TRBV26,32.3,15.5,2003.3,0.65,0,"E,J,O,T",Mouse,IPEKGHPVVF,INFQNQEVLQQ,CASSLNNANSDYTF,5cc7 T-cell receptor beta chain
172,4p46,B,VTQSPRNKVAVTGGKVTLSCNQTNNHNNMYWYRQDTGHGLRLIHYSYGAGSTEKGDIPDGYKASRPSQENFSLILELATPSQTSVYFCASGDFWGDTLYFGAGTRLSVL,,CLASSII,J809.B5*,I-Ab,Mouse,FEAQKAKANKAVD,TRAV14D-3/DV8,TRBV13-2,41.7,7.4,1525.7,0.75,1,B,Mouse,NQTNNHNNMY,HYSYGAGSTE,CASGDFWGDTLYF,J809.B5 TCR beta chain (Vb8.2)
173,4p4k,D,VTQTPRYLIKTRGQQVTLSCSPISGHRSVSWYQQTPGQGLQFLFEYFSETQRNKGNFPGRFSGRQFSNSRSEMNVSTLELGDSALYLCASSLAQGGETQYFGPGTRLLVL,CASSLAQGGETQYFGPGTRL,CLASSII,hTCRav22,HLA-DP2,Human,QAFWIDLFETIG,TRAV9-2,TRBV5-1,46.6,24.8,1920.0,0.57,0,"D,H",Human,SPISGHRSVS,FEYFSETQRN,CASSLAQGGETQYF,hTCRav22 beta chain
174,4p5t,F,VTQSPRNKVAVTGGKVTLSCNQTNNHNNMYWYRQDTGHGLRLIHYSYGAGSTEKGDIPDGYKASRPSQENFSLILELATPSQTSVYFCASGDFWGDTLYFGAGTRLSVL,,CLASSII,14.C6,I-Ab,Mouse,FEAQKAKANKAVD,TRAV14D-3/DV8,TRBV13-2,45.3,7.8,1969.0,0.72,1,"B,F",Mouse,NQTNNHNNMY,HYSYGAGSTE,CASGDFWGDTLYF,Human nkt tcr beta chain
175,4y19,E,VTQTPKFRVLKTGQSMTLLCAQDMNHEYMYWYRQDPGMGLRLIHYSVGEGTTAKGEVPDGYNVSRLKKQNFLLGLESAAPSQTSVYFCASRPRRDNEQFFGPGTRLTVL,,CLASSII,FS18,HLA-DR4,Human,GSLQPLALEGSLQKRGIV,TRAV29/DV5,TRBV6-2,136.9,43.2,1464.6,0.58,0,E,Human,AQDMNHEYMY,HYSVGEGTTA,CASRPRRDNEQFF,FS18_beta
176,4y1a,E,VTQTPKFRVLKTGQSMTLLCAQDMNHEYMYWYRQDPGMGLRLIHYSVGEGTTAKGEVPDGYNVSRLKKQNFLLGLESAAPSQTSVYFCASRPRDPVTQYFGPGTRLTVL,,CLASSII,FS17,HLA-DR4,Human,GSLQPLALEGSLQKRGIV,TRAV29/DV5,TRBV6-2,137.6,44.8,1338.0,0.45,0,E,Human,AQDMNHEYMY,HYSVGEGTTA,CASRPRDPVTQYF,FS17_beta
177,4z7u,F,VTQTPKHLITATGQRVTLRCSPRSGDLSVYWYQQSLDQGLQFLIQYYNGEERAKGNILERFSAQQFPDLHSELNLSSLELGDSALYFCASSTTPGTGTETQYFGPGTRLLVL,CASSTTPGTGTETQYFGPGT,CLASSII,S13,HLA-DQ8,Human,APSGEGSFQPSQENPQGS,TRAV26-2,TRBV9,37.9,2.5,1913.8,0.72,1,"F,H",Human,SPRSGDLSVY,IQYYNGEERA,CASSTTPGTGTETQYF,"T-CELL RECEPTOR, S13 BETA CHAIN"
178,4z7v,F,VTQTPKHLITATGQRVTLRCSPRSGDLSVYWYQQSLDQGLQFLIQYYNGEERAKGNILERFSAQQFPDLHSELNLSSLELGDSALYFCASSAGTSGEYEQYFGPGTRLTVT,CASSAGTSGEYEQYFGPGTR,CLASSII,L3-12,HLA-DQ8,Human,APSGEGSFQPSQENPQGS,TRAV26-2,TRBV9,39.6,5.1,1849.8,0.7,1,"F,H",Human,SPRSGDLSVY,IQYYNGEERA,CASSAGTSGEYEQYF,"T-CELL RECEPTOR, L3-12 BETA CHAIN"
179,4z7w,H,VTQTPKFQVLKTGQSMTLQCAQDMNHNSMYWYRQDPGMGLRLIYYSASEGTTDKGEVPNGYNVSRLNKREFSLRLESAAPSQTSVYFCASSEARRYNEQFFGPGTRLTVL,CASSEARRYNEQFFGPGTRL,CLASSII,T316,HLA-DQ8,Human,APSGEGSFQPSQENPQGS,TRAV8-3,TRBV6-1,46.1,9.0,2303.4,0.69,1,"F,H",Human,AQDMNHNSMY,YYSASEGTTD,CASSEARRYNEQFF,"T-CELL RECEPTOR, T316 BETA CHAIN"
180,5ks9,H,VTQTPKHLITATGQRVTLRCSPRSGDLSVYWYQQSLDQGLQFLIQYYNGEERAKGNILERFSAQQFPDLHSELNLSSLELGDSALYFCASSVAPGSDTQYFGPGTRLTVL,CASSVAPGSDTQYFGPGTRL,CLASSII,Bel502,HLA-DQ8,Human,APSGEGSFQPSQENPQ,TRAV20,TRBV9,39.5,8.5,2229.8,0.65,0,"F,H",Human,SPRSGDLSVY,IQYYNGEERA,CASSVAPGSDTQYF,Bel502 TCR beta TRBV9*01
181,5ksa,D,VTQTPKHLITATGQRVTLRCSPRSGDLSVYWYQQSLDQGLQFLIQYYNGEERAKGNILERFSAQQFPDLHSELNLSSLELGDSALYFCASSVAGTPSYEQYFGPGTRLTVT,CASSVAGTPSYEQYFGPGTR,CLASSII,Bel602,HLA-DQ8,Human,QPQQSFPEQEA,TRAV20,TRBV9,42.1,5.5,1856.6,0.78,0,D,Human,SPRSGDLSVY,IQYYNGEERA,CASSVAGTPSYEQYF,Bel602 beta TRBV9*01
182,5ksb,H,VTQTPKHLITATGQRVTLRCSPRSGDLSVYWYQQSLDQGLQFLIQYYNGEERAKGNILERFSAQQFPDLHSELNLSSLELGDSALYFCASSNRGLGTDTQYFGPGTRLTVL,CASSNRGLGTDTQYFGPGTR,CLASSII,T15,HLA-DQ8,Human,GPQQSFPEQEA,TRAV20,TRBV9,33.8,11.8,2033.5,0.72,0,"F,H",Human,SPRSGDLSVY,IQYYNGEERA,CASSNRGLGTDTQYF,T15 TCR beta TRBV9*01
183,6bga,D,VIQTPRYLVKGQGQKAKMRCIPEKGHPVVFWYQQNKNNEFKFLINFQNQEVLQQIDMTEKRFSAECPSNSPCSLEIQSSEAGDSALYLCASSLNWSQDTQYFGPGTRLLVL,CASSLNWSQDTQYFGPGTRL,CLASSII,2B4,I-Ek,Mouse,"ADSLSFFSSSIKRGGGSLVP, YVVVPDGTGGGSGSG",TRAV4D-4,TRBV26,36.6,13.8,2474.1,0.72,0,D,Mouse,IPEKGHPVVF,INFQNQEVLQQ,CASSLNWSQDTQYF,T cell receptor 2B4 beta chain
184,6cql,E,VTQTPSHQVTQMGQEVILRCVPISNHLYFYWYRQILGQKVEFLVSFYNNEISEKSEIFDDQFSVERPDGSNFTLKIRSTKLEDSAMYFCASSRLAGGMDEQFFGPGTRLTVL,CASSRLAGGMDEQFFGPGTR,CLASSII,F24,HLA-DR11,Human,RFYKTLRAEQASQ,TRAV24,TRBV2,34.3,5.5,1822.9,0.71,0,E,Human,VPISNHLYFY,VSFYNNEISEK,CASSRLAGGMDEQFF,F24 beta Chain
185,6cqn,E,VTQTPSHQVTQMGQEVILRCVPISNHLYFYWYRQILGQKVEFLVSFYNNEISEKSEIFDDQFSVERPDGSNFTLKIRSTKLEDSAMYFCASSGLAGGMDEQFFGPGTRLTVL,CASSGLAGGMDEQFFGPGTR,CLASSII,F5,HLA-DR11,Human,RFYKTLRAEQASQ,TRAV24,TRBV2,33.7,5.0,1763.0,0.74,0,E,Human,VPISNHLYFY,VSFYNNEISEK,CASSGLAGGMDEQFF,F5 beta chain
186,6cqq,E,VTQTPSHQVTQMGQEVILRCVPISNHLYFYWYRQILGQKVEFLVSFYNNEISEKSEIFDDQFSVERPDGSNFTLKIRSTKLEDSAMYFCASSRLAGGMDEQFFGPGTRLTVL,CASSRLAGGMDEQFFGPGTR,CLASSII,F24,HLA-DR15,Human,RFYKTLRAEQASQ,TRAV24,TRBV2,35.1,5.3,1806.7,0.69,0,"E,J",Human,VPISNHLYFY,VSFYNNEISEK,CASSRLAGGMDEQFF,F24 beta chain
187,6cqr,E,VTQTPSHQVTQMGQEVILRCVPISNHLYFYWYRQILGQKVEFLVSFYNNEISEKSEIFDDQFSVERPDGSNFTLKIRSTKLEDSAMYFCASSRLAGGMDEQFFGPGTRLTVL,CASSRLAGGMDEQFFGPGTR,CLASSII,F24,HLA-DR1,Human,RFYKTLRAEQASQ,TRAV24,TRBV2,31.4,5.6,1957.8,0.68,0,"E,J",Human,VPISNHLYFY,VSFYNNEISEK,CASSRLAGGMDEQFF,F24 beta chain
188,3t0e,D,VSQHPSWVIAKSGTSVKIECRSLDFQATTMFWYRQFPKQSLMLMATSNEGSKATYEQGVEKDKFLINHASLTLSTLTVTSAHPEDSSFYICSARGGSYNSPLHFGNGTRLTVT,,CLASSII,MS2-3C8,HLA-DR4,Human,FSWGAEGQRPGFGSGG,TRAV26-2,TRBV20-1,37.5,7.9,2252.4,0.54,0,D,Human,RSLDFQATTMF,ATSNEGSKATYE,CSARGGSYNSPLHF,T-cell receptor beta chain