PDB_ID,MHC_class,TCR_name,MHC_name,Species,Epitope,TRAV_gene,TRBV_gene,Docking_Angle,Incident_Angle,BSA,Sc,Atlas_count
1D9K,CLASSII,D10,I-Ak,Mouse,GNSHRGAIEWEGIESG,TRAV14D-2,TRBV13-2,53.4,6.9,1993.3,0.7,0
1FYT,CLASSII,HA1.7,HLA-DR1,Human,PKYVKQNTLKLAT,TRAV8-4,TRBV28,47.2,2.8,2086.4,0.56,3
1J8H,CLASSII,HA1.7,HLA-DR4,Human,PKYVKQNTLKLAT,TRAV8-4,TRBV28,48.9,1.0,2111.4,0.56,0
1U3H,CLASSII,172.10,I-Au,Mouse,SRGGASQYRPSQ,TRAV14-3,TRBV13-2,43.7,0.7,1904.2,0.62,0
1YMM,CLASSII,Ob.1A12,HLA-DR2b,Human,ENPVVHFFKNIVTPR,TRAV17,TRBV20-1,83.5,18.0,1993.2,0.51,0
1ZGL,CLASSII,3A6,HLA-DR2a,Human,VHFFKNIVTPRTPGG,TRAV9-2,TRBV5-1,40.3,8.7,2224.7,0.61,0
2IAM,CLASSII,E8,HLA-DR1,Human,GELIGILNAAKVPAD,TRAV22,TRBV6-6,44.4,15.6,2188.7,0.69,0
2IAN,CLASSII,E8,HLA-DR1,Human,GELIGTLNAAKVPAD,TRAV22,TRBV6-6,44.0,15.5,2207.2,0.67,0
2PXY,CLASSII,1934.4,I-Au,Mouse,HSRGGASQYRPSQ,TRAV6D-7,TRBV13-2,49.1,3.7,1992.9,0.7,0
2WBJ,CLASSII,Ob,HLA-DR2b,Human,DFARVHFISALHGSG,TRAV17,TRBV20-1,80.3,19.6,2135.3,0.61,0
2Z31,CLASSII,cl19,I-Au,Mouse,RGGASQYRPSQ,TRAV6D-7,TRBV13-2,48.9,3.1,1976.8,0.64,0
3C5Z,CLASSII,B3K506,I-Ab,Mouse,FEAQKAKANKAVD,TRAV6-7/DV9,TRBV13-3,45.9,11.0,2224.1,0.56,0
3C60,CLASSII,YAe62,I-Ab,Mouse,FEAQKAKANKAVD,TRAV6D-3,TRBV13-2,53.1,6.9,1410.1,0.72,0
3C6L,CLASSII,2W20,I-Ab,Mouse,FEAQKAKANKAVD,TRAV14-2,TRBV13-2,44.4,2.4,1819.4,0.64,0
3MBE,CLASSII,21.30,I-Ag7,Mouse,GAMKRHGLDNYRGYSLGN,TRAV4-2,TRBV13-3,48.2,15.1,2687.7,0.6,0
3O6F,CLASSII,MS2-3C8,HLA-DR4,Human,FSWGAEGQRPGFG,TRAV26-2,TRBV20-1,36.4,6.0,2038.3,0.64,7
3PL6,CLASSII,Hy.1B11,HLA-DQ1,Human,ENPVVHFFKNIVTPR,TRAV13-1,TRBV7-3,25.3,14.3,1628.5,0.62,10
3QIB,CLASSII,2B4,I-Ek,Mouse,ADLIAYLKQATKG,TRAV4D-4,TRBV26,36.9,11.8,2567.8,0.72,29
3QIU,CLASSII,226,I-Ek,Mouse,ADLIAYLKQATKG,TRAV4D-4,TRBV26,39.4,12.1,2453.3,0.67,3
3QIW,CLASSII,226,I-Ek,Mouse,ADLIAYLEQATKG,TRAV4D-4,TRBV26,40.4,11.9,2452.6,0.64,1
3RDT,CLASSII,J809.B5,I-Ab,Mouse,FEAQKAKANKAVD,TRAV14D-3/DV8,TRBV13-2,41.4,7.2,1529.0,0.75,0
4E41,CLASSII,G4,HLA-DR1,Human,GELIGILNAAKVPAD,TRAV22,TRBV5-8,45.8,18.4,2055.7,0.48,0
4GG6,CLASSII,SP3.4,HLA-DQ8,Human,QQYPSGEGSFQPSQENPQ,TRAV26-2,TRBV9,39.9,6.9,1719.1,0.57,14
4GRL,CLASSII,Hy.1B11,HLA-DQ1,Human,DRLLMLFAKDVVSRN,TRAV13-1,TRBV7-3,26.1,14.6,1792.8,0.65,0
4H1L,CLASSII,Ani2.3,HLA-DR52c,Human,QHIRCNIPKRISA,TRAV8-3,TRBV19,56.0,11.6,2124.0,0.59,2
4MAY,CLASSII,Hy.1B11,HLA-DQ1,Human,RQLVHFVRDFAQL,TRAV13-1,TRBV7-3,25.5,14.3,1692.1,0.67,0
4OZF,CLASSII,JR5.1,HLA-DQ2.5,Human,APQPELPYPQPGS,TRAV26-1,TRBV7-2,46.2,13.0,1723.1,0.68,1
4OZG,CLASSII,D2,HLA-DQ2.5,Human,APQPELPYPQPGS,TRAV26-1,TRBV7-2,36.1,6.4,2098.9,0.7,13
4OZH,CLASSII,S16,HLA-DQ2.5,Human,APQPELPYPQPGS,TRAV26-1,TRBV7-2,36.2,6.0,2056.6,0.68,1
4OZI,CLASSII,S2,HLA-DQ2.5,Human,QPFPQPELPYPGS,TRAV4,TRBV20-1,46.0,22.0,2161.1,0.58,1
4P23,CLASSII,J809.B5,I-Ab,Mouse,FEAQKAKANKAVD,TRAV14D-3/DV8,TRBV13-2,41.1,6.7,1568.8,0.74,2
4P2O,CLASSII,2B4,I-Ek,Mouse,ADPLAFFSSAIK,TRAV4D-4,TRBV26,40.1,12.7,2248.5,0.64,0
4P2Q,CLASSII,5cc7,I-Ek,Mouse,ADGLAYFRSSFK,TRAV4D-4,TRBV26,32.2,15.9,2128.2,0.69,0
4P2R,CLASSII,5cc7,I-Ek,Mouse,ANGVAFFLTPFK,TRAV4D-4,TRBV26,32.3,15.5,2003.3,0.65,0
4P46,CLASSII,J809.B5*,I-Ab,Mouse,FEAQKAKANKAVD,TRAV14D-3/DV8,TRBV13-2,41.7,7.4,1525.7,0.75,1
4P4K,CLASSII,hTCRav22,HLA-DP2,Human,QAFWIDLFETIG,TRAV9-2,TRBV5-1,46.6,24.8,1920.0,0.57,0
4P5T,CLASSII,14.C6,I-Ab,Mouse,FEAQKAKANKAVD,TRAV14D-3/DV8,TRBV13-2,45.3,7.8,1969.0,0.72,1
4Y19,CLASSII,FS18,HLA-DR4,Human,GSLQPLALEGSLQKRGIV,TRAV29/DV5,TRBV6-2,136.9,43.2,1464.6,0.58,0
4Y1A,CLASSII,FS17,HLA-DR4,Human,GSLQPLALEGSLQKRGIV,TRAV29/DV5,TRBV6-2,137.6,44.8,1338.0,0.45,0
4Z7U,CLASSII,S13,HLA-DQ8,Human,APSGEGSFQPSQENPQGS,TRAV26-2,TRBV9,37.9,2.5,1913.8,0.72,1
4Z7V,CLASSII,L3-12,HLA-DQ8,Human,APSGEGSFQPSQENPQGS,TRAV26-2,TRBV9,39.6,5.1,1849.8,0.7,1
4Z7W,CLASSII,T316,HLA-DQ8,Human,APSGEGSFQPSQENPQGS,TRAV8-3,TRBV6-1,46.1,9.0,2303.4,0.69,1
5KS9,CLASSII,Bel502,HLA-DQ8,Human,APSGEGSFQPSQENPQ,TRAV20,TRBV9,39.5,8.5,2229.8,0.65,0
5KSA,CLASSII,Bel602,HLA-DQ8,Human,QPQQSFPEQEA,TRAV20,TRBV9,42.1,5.5,1856.6,0.78,0
5KSB,CLASSII,T15,HLA-DQ8,Human,GPQQSFPEQEA,TRAV20,TRBV9,33.8,11.8,2033.5,0.72,0
6BGA,CLASSII,2B4,I-Ek,Mouse,"ADSLSFFSSSIKRGGGSLVP, YVVVPDGTGGGSGSG",TRAV4D-4,TRBV26,36.6,13.8,2474.1,0.72,0
6CQL,CLASSII,F24,HLA-DR11,Human,RFYKTLRAEQASQ,TRAV24,TRBV2,34.3,5.5,1822.9,0.71,0
6CQN,CLASSII,F5,HLA-DR11,Human,RFYKTLRAEQASQ,TRAV24,TRBV2,33.7,5.0,1763.0,0.74,0
6CQQ,CLASSII,F24,HLA-DR15,Human,RFYKTLRAEQASQ,TRAV24,TRBV2,35.1,5.3,1806.7,0.69,0
6CQR,CLASSII,F24,HLA-DR1,Human,RFYKTLRAEQASQ,TRAV24,TRBV2,31.4,5.6,1957.8,0.68,0
6DFX,CLASSII,T1D3,HLA-DQ1,Human,VEELYLVAGEEGCGGGGSL,TRAV17,TRBV5-1,35.8,1.7,2138.6,0.69,0
6DFW,CLASSII,8F10,H2-A1,Mouse,LVERLYLVCGGEG,TRAV5D-4,TRBV13-2,49.4,17.3,1860.5,0.55,0
6DFS,CLASSII,NA,H2-A1,Mouse,LVERLYLVCGEEGA,TRAV10,TRBV1,37.7,16.7,1608.3,0.59,0
3T0E,CLASSII,MS2-3C8,HLA-DR4,Human,FSWGAEGQRPGFGSGG,TRAV26-2,TRBV20-1,37.5,7.9,2252.4,0.54,0
